<?xml version="1.0" encoding="utf-8"?>
<rulebase product-version="10.4.1.60" region="en-US">
  <entity text="Global" name="global" singleton="true">
    <attribute name="default_training_auth_start" type="Date" />
    <attribute name="default_training_auth_end" type="Date" />
    <attribute name="label_investigation_open" type="Boolean" />
    <attribute name="b3@Rules_System_DisplayVisibility_doc" type="Boolean" />
    <attribute name="label_nonsep_open" type="Boolean" />
    <attribute name="b5@Rules_System_DisplayVisibility_doc" type="Boolean" />
    <attribute name="b6@Rules_System_DisplayVisibility_doc" type="Boolean" />
    <attribute name="b7@Rules_System_DisplayVisibility_doc" type="Boolean" />
    <attribute name="b9@Rules_Functional_Goals_doc" type="Boolean" />
    <attribute name="b10@Rules_Functional_Goals_doc" type="Boolean" />
    <attribute name="b12@Rules_Functional_Goals_doc" type="Boolean" />
    <attribute name="b14@Rules_Functional_Goals_doc" type="Boolean" />
    <attribute name="b16@Rules_Functional_Goals_doc" type="Boolean" />
    <attribute name="b19@Rules_Functional_Goals_doc" type="Boolean" />
    <attribute name="b20@Rules_Functional_Goals_doc" type="Boolean" />
    <attribute name="include_ngc_ae_s1" type="Boolean" />
    <attribute name="b35@Rules_Functional_Goals_doc" type="Boolean" />
    <attribute name="claimant_unable_to_work" type="Boolean" />
    <attribute name="b37@Rules_Functional_Goals_doc" type="Boolean" />
    <attribute name="b38@Rules_Functional_Goals_doc" type="Boolean" />
    <attribute name="claimant_nonsep_in_school" type="Boolean" />
    <attribute name="b40@Rules_Functional_Goals_doc" type="Boolean" />
    <attribute name="claimant_burden_of_proof" type="Boolean" />
    <attribute name="claimant_initiated_separation" type="Boolean" />
    <attribute name="open_non_sep_items" type="Boolean" />
    <attribute name="b50@Rules_Functional_Goals_doc" type="Boolean" />
    <attribute name="b52@Rules_Functional_Goals_doc" type="Boolean" />
    <attribute name="b55@Rules_Functional_Goals_doc" type="Boolean" />
    <attribute name="o_decision_report" type="Boolean" />
    <attribute name="claimant_legal_resident" type="Boolean" />
    <attribute name="good_cause_reversing_bop" type="Boolean" />
    <attribute name="claimant_is_citizen" type="Boolean" />
    <attribute name="claimant_is_legal_alien" type="Boolean" />
    <attribute name="claimant_spouse_us-citizen" type="Boolean" />
    <attribute name="claimant_spouse_us_citizen" type="Boolean" />
    <attribute name="prima_facie_legal_resident" type="Boolean" />
    <attribute name="dci_ruling_legal_resident" type="Boolean" />
    <attribute name="dci_ruled_on_legal_residency" type="Boolean" />
    <attribute name="b12@Rules_Functional_AlienLegalStatus_doc" type="Boolean" />
    <attribute name="b13@Rules_Functional_AlienLegalStatus_doc" type="Boolean" />
    <attribute name="b17@Rules_Functional_AlienLegalStatus_doc" type="Boolean" />
    <attribute name="b18@Rules_Functional_AlienLegalStatus_doc" type="Boolean" />
    <attribute name="b19@Rules_Functional_AlienLegalStatus_doc" type="Boolean" />
    <attribute name="b20@Rules_Functional_AlienLegalStatus_doc" type="Boolean" />
    <attribute name="dci_reason_legal_alien" type="Text" />
    <attribute name="b1@Rules_Functional_Pinpointing_doc" type="Boolean" />
    <attribute name="b2@Rules_Functional_Pinpointing_doc" type="Boolean" />
    <attribute name="burden_of_proof" type="Boolean" />
    <attribute name="claimant_primary_reason_id" type="Boolean" />
    <attribute name="b5@Rules_Functional_Pinpointing_doc" type="Boolean" />
    <attribute name="b6@Rules_Functional_Pinpointing_doc" type="Boolean" />
    <attribute name="dci_adjudicated_primary_reason" type="Text" />
    <attribute name="dci_adjudicated_secondary_reason" type="Text" />
    <attribute name="b2@Rules_PolicyBase_Quit_doc" type="Boolean" />
    <attribute name="b3@Rules_PolicyBase_Quit_doc" type="Boolean" />
    <attribute name="b4@Rules_PolicyBase_Quit_doc" type="Boolean" />
    <attribute name="b10@Rules_PolicyBase_Quit_doc" type="Boolean" />
    <attribute name="b11@Rules_PolicyBase_Quit_doc" type="Boolean" />
    <attribute name="i_secondary_stress" type="Boolean" />
    <attribute name="b13@Rules_PolicyBase_Quit_doc" type="Boolean" />
    <attribute name="documented_harassment" type="Boolean" />
    <attribute name="b15@Rules_PolicyBase_Quit_doc" type="Boolean" />
    <attribute name="claimant_quit_voluntarily" type="Boolean" />
    <attribute name="b40@Properties_properties_xsrc" type="Boolean" />
    <attribute name="b1@Rules_Functional_AbleAndAvailable_doc" type="Boolean" />
    <attribute name="b2@Rules_Functional_AbleAndAvailable_doc" type="Boolean" />
    <attribute name="b3@Rules_Functional_AbleAndAvailable_doc" type="Boolean" />
    <attribute name="b4@Rules_Functional_AbleAndAvailable_doc" type="Boolean" />
    <attribute name="b5@Rules_Functional_AbleAndAvailable_doc" type="Boolean" />
    <attribute name="b6@Rules_Functional_AbleAndAvailable_doc" type="Boolean" />
    <attribute name="b7@Rules_Functional_AbleAndAvailable_doc" type="Boolean" />
    <attribute name="b8@Rules_Functional_AbleAndAvailable_doc" type="Boolean" />
    <attribute name="i_claimant_pii_ssn" type="Text" />
    <attribute name="mer_company_name" type="Text" />
    <attribute name="mre_addr_l1" type="Text" />
    <attribute name="mre_addr_l2" type="Text" />
    <attribute name="mre_city_name" type="Text" />
    <attribute name="mre_zip_code" type="Text" />
    <attribute name="mre_phone_number" type="Text" />
    <attribute name="edit_mre_selected" type="Boolean" />
    <attribute name="claimant_pii_full_name" type="Text" />
    <attribute name="training_auth_end_date" type="Date" />
    <attribute name="training_auth_start_date" type="Date" />
    <attribute name="training_auth_code" type="Text" />
    <attribute name="training_institution" type="Text" />
    <attribute name="dci_primary_reason_basis" type="Text" />
    <attribute name="dci_basis_secondary_reason" type="Text" />
    <attribute name="i_claim_ref" type="Text" />
    <attribute name="i_issue_type" type="Text" />
    <attribute name="i_issue_sequence_cd" type="Text" />
    <attribute name="dc_ruled_claimant_separated" type="Boolean" />
    <attribute name="claimant_sep_good_cause" type="Boolean" />
    <attribute name="dci_claimant_part_time" type="Boolean" />
    <attribute name="part_time_reason" type="Text" />
    <attribute name="dci_claimant_is_part_time" type="Boolean" />
  </entity>
  <rules module="DCI_Assistant:A2F110D7480E674C76944072621C86BD">
    <conclude attr-id="default_training_auth_start" entity-id="global" scope-id="global0">
      <value>
        <marker id="Rules_System_Validation_doc/0/1" condition="false">
          <current-date />
        </marker>
      </value>
    </conclude>
    <conclude attr-id="default_training_auth_end" entity-id="global" scope-id="global0">
      <value>
        <marker id="Rules_System_Validation_doc/1/1" condition="false">
          <add-years>
            <current-date />
            <number-value>1</number-value>
          </add-years>
        </marker>
      </value>
    </conclude>
    <conclude attr-id="label_investigation_open" entity-id="global" scope-id="global0">
      <value>
        <marker id="Rules_System_DisplayVisibility_doc/0/1" condition="false">
          <true-value />
        </marker>
      </value>
      <condition>
        <marker id="Rules_System_DisplayVisibility_doc/0/2">
          <uncertain>
            <attribute attr-id="b3@Rules_System_DisplayVisibility_doc" />
          </uncertain>
        </marker>
      </condition>
      <otherwise>
        <marker id="Rules_System_DisplayVisibility_doc/0/3" condition="false">
          <false-value />
        </marker>
      </otherwise>
    </conclude>
    <conclude attr-id="label_nonsep_open" entity-id="global" scope-id="global0">
      <value>
        <marker id="Rules_System_DisplayVisibility_doc/1/1" condition="false">
          <true-value />
        </marker>
      </value>
      <condition>
        <marker id="Rules_System_DisplayVisibility_doc/1/2">
          <attribute attr-id="b5@Rules_System_DisplayVisibility_doc" />
        </marker>
      </condition>
      <otherwise>
        <marker id="Rules_System_DisplayVisibility_doc/1/3" condition="false">
          <false-value />
        </marker>
      </otherwise>
    </conclude>
    <conclude attr-id="b6@Rules_System_DisplayVisibility_doc" entity-id="global" scope-id="global0">
      <value>
        <marker id="Rules_System_DisplayVisibility_doc/2/1" condition="false">
          <true-value />
        </marker>
      </value>
      <condition>
        <marker id="Rules_System_DisplayVisibility_doc/2/2">
          <attribute attr-id="b7@Rules_System_DisplayVisibility_doc" />
        </marker>
      </condition>
      <otherwise>
        <marker id="Rules_System_DisplayVisibility_doc/2/3" condition="false">
          <false-value />
        </marker>
      </otherwise>
    </conclude>
    <conclude attr-id="o_decision_report" entity-id="global" scope-id="global0">
      <value>
        <marker id="Rules_Functional_Goals_doc/0/1" condition="false">
          <true-value />
        </marker>
      </value>
      <condition>
        <and>
          <marker id="Rules_Functional_Goals_doc/0/2">
            <known>
              <attribute attr-id="b52@Rules_Functional_Goals_doc" />
            </known>
          </marker>
          <marker id="Rules_Functional_Goals_doc/0/3">
            <known>
              <attribute attr-id="include_ngc_ae_s1" />
            </known>
          </marker>
        </and>
      </condition>
      <otherwise>
        <marker id="Rules_Functional_Goals_doc/0/4" condition="false">
          <false-value />
        </marker>
      </otherwise>
    </conclude>
    <conclude attr-id="b50@Rules_Functional_Goals_doc" entity-id="global" scope-id="global0">
      <value>
        <marker id="Rules_Functional_Goals_doc/1/1" condition="false">
          <true-value />
        </marker>
      </value>
      <condition>
        <or>
          <marker id="Rules_Functional_Goals_doc/1/2">
            <not>
              <attribute attr-id="claimant_legal_resident" />
            </not>
          </marker>
          <and>
            <marker id="Rules_Functional_Goals_doc/1/3">
              <attribute attr-id="claimant_initiated_separation" />
            </marker>
            <marker id="Rules_Functional_Goals_doc/1/4">
              <not>
                <attribute attr-id="b16@Rules_Functional_Goals_doc" />
              </not>
            </marker>
          </and>
        </or>
      </condition>
      <otherwise>
        <marker id="Rules_Functional_Goals_doc/1/5" condition="false">
          <false-value />
        </marker>
      </otherwise>
    </conclude>
    <conclude attr-id="claimant_burden_of_proof" entity-id="global" scope-id="global0">
      <value>
        <marker id="Rules_Functional_Goals_doc/2/1" condition="false">
          <true-value />
        </marker>
      </value>
      <condition>
        <and>
          <marker id="Rules_Functional_Goals_doc/2/2">
            <attribute attr-id="claimant_initiated_separation" />
          </marker>
          <marker id="Rules_Functional_Goals_doc/2/3">
            <not>
              <attribute attr-id="good_cause_reversing_bop" />
            </not>
          </marker>
        </and>
      </condition>
      <otherwise>
        <marker id="Rules_Functional_Goals_doc/2/4" condition="false">
          <false-value />
        </marker>
      </otherwise>
    </conclude>
    <conclude attr-id="b52@Rules_Functional_Goals_doc" entity-id="global" scope-id="global0">
      <value>
        <marker id="Rules_Functional_Goals_doc/3/1" condition="false">
          <true-value />
        </marker>
      </value>
      <condition>
        <marker id="Rules_Functional_Goals_doc/3/2">
          <attribute attr-id="b50@Rules_Functional_Goals_doc" />
        </marker>
      </condition>
      <otherwise>
        <marker id="Rules_Functional_Goals_doc/3/3" condition="false">
          <false-value />
        </marker>
      </otherwise>
    </conclude>
    <conclude attr-id="include_ngc_ae_s1" entity-id="global" scope-id="global0">
      <value>
        <marker id="Rules_Functional_Goals_doc/4/1" condition="false">
          <true-value />
        </marker>
      </value>
      <condition>
        <and>
          <marker id="Rules_Functional_Goals_doc/4/2">
            <attribute attr-id="b52@Rules_Functional_Goals_doc" />
          </marker>
          <or>
            <marker id="Rules_Functional_Goals_doc/4/3">
              <not>
                <attribute attr-id="b55@Rules_Functional_Goals_doc" />
              </not>
            </marker>
            <marker id="Rules_Functional_Goals_doc/4/4">
              <not>
                <attribute attr-id="b14@Rules_Functional_Goals_doc" />
              </not>
            </marker>
          </or>
        </and>
      </condition>
      <otherwise>
        <marker id="Rules_Functional_Goals_doc/4/5" condition="false">
          <false-value />
        </marker>
      </otherwise>
    </conclude>
    <conclude attr-id="open_non_sep_items" entity-id="global" scope-id="global0">
      <value>
        <marker id="Rules_Functional_Goals_doc/5/1" condition="false">
          <false-value />
        </marker>
      </value>
      <condition>
        <or>
          <marker id="Rules_Functional_Goals_doc/5/2">
            <conclude attr-id="b35@Rules_Functional_Goals_doc" entity-id="global" scope-id="global0">
              <value>
                <marker id="Rules_Functional_Goals_doc/5/3" condition="false">
                  <true-value />
                </marker>
              </value>
              <condition>
                <and>
                  <marker id="Rules_Functional_Goals_doc/5/4">
                    <attribute attr-id="claimant_unable_to_work" />
                  </marker>
                  <marker id="Rules_Functional_Goals_doc/5/5">
                    <not>
                      <attribute attr-id="b37@Rules_Functional_Goals_doc" />
                    </not>
                  </marker>
                </and>
              </condition>
              <otherwise>
                <marker id="Rules_Functional_Goals_doc/5/6" condition="false">
                  <false-value />
                </marker>
              </otherwise>
            </conclude>
          </marker>
          <marker id="Rules_Functional_Goals_doc/5/7">
            <conclude attr-id="b38@Rules_Functional_Goals_doc" entity-id="global" scope-id="global0">
              <value>
                <marker id="Rules_Functional_Goals_doc/5/8" condition="false">
                  <true-value />
                </marker>
              </value>
              <condition>
                <and>
                  <marker id="Rules_Functional_Goals_doc/5/9">
                    <attribute attr-id="claimant_nonsep_in_school" />
                  </marker>
                  <marker id="Rules_Functional_Goals_doc/5/10">
                    <not>
                      <attribute attr-id="b40@Rules_Functional_Goals_doc" />
                    </not>
                  </marker>
                </and>
              </condition>
              <otherwise>
                <marker id="Rules_Functional_Goals_doc/5/11" condition="false">
                  <false-value />
                </marker>
              </otherwise>
            </conclude>
          </marker>
        </or>
      </condition>
      <otherwise>
        <marker id="Rules_Functional_Goals_doc/5/12" condition="false">
          <true-value />
        </marker>
      </otherwise>
    </conclude>
    <conclude attr-id="b7@Rules_System_DisplayVisibility_doc" entity-id="global" scope-id="global0">
      <value>
        <marker id="Rules_Functional_Goals_doc/6/1" condition="false">
          <true-value />
        </marker>
      </value>
      <condition>
        <or>
          <marker id="Rules_Functional_Goals_doc/6/2">
            <attribute attr-id="b10@Rules_Functional_Goals_doc" />
          </marker>
          <and>
            <marker id="Rules_Functional_Goals_doc/6/3">
              <attribute attr-id="b9@Rules_Functional_Goals_doc" />
            </marker>
            <marker id="Rules_Functional_Goals_doc/6/4">
              <not>
                <attribute attr-id="claimant_burden_of_proof" />
              </not>
            </marker>
            <marker id="Rules_Functional_Goals_doc/6/5">
              <not>
                <attribute attr-id="b12@Rules_Functional_Goals_doc" />
              </not>
            </marker>
          </and>
          <and>
            <marker id="Rules_Functional_Goals_doc/6/6">
              <attribute attr-id="claimant_initiated_separation" />
            </marker>
            <marker id="Rules_Functional_Goals_doc/6/7">
              <attribute attr-id="b14@Rules_Functional_Goals_doc" />
            </marker>
          </and>
        </or>
      </condition>
      <otherwise>
        <marker id="Rules_Functional_Goals_doc/6/8" condition="false">
          <false-value />
        </marker>
      </otherwise>
    </conclude>
    <conclude attr-id="b10@Rules_Functional_Goals_doc" entity-id="global" scope-id="global0">
      <value>
        <marker id="Rules_Functional_Goals_doc/7/1" condition="false">
          <true-value />
        </marker>
      </value>
      <condition>
        <and>
          <marker id="Rules_Functional_Goals_doc/7/2">
            <attribute attr-id="b19@Rules_Functional_Goals_doc" />
          </marker>
          <marker id="Rules_Functional_Goals_doc/7/3">
            <attribute attr-id="b20@Rules_Functional_Goals_doc" />
          </marker>
          <marker id="Rules_Functional_Goals_doc/7/4">
            <not>
              <attribute attr-id="b12@Rules_Functional_Goals_doc" />
            </not>
          </marker>
        </and>
      </condition>
      <otherwise>
        <marker id="Rules_Functional_Goals_doc/7/5" condition="false">
          <false-value />
        </marker>
      </otherwise>
    </conclude>
    <conclude attr-id="claimant_legal_resident" entity-id="global" scope-id="global0">
      <value>
        <marker id="Rules_Functional_AlienLegalStatus_doc/0/1" condition="false">
          <true-value />
        </marker>
      </value>
      <condition>
        <or>
          <marker id="Rules_Functional_AlienLegalStatus_doc/0/2">
            <conclude attr-id="prima_facie_legal_resident" entity-id="global" scope-id="global0">
              <value>
                <marker id="Rules_Functional_AlienLegalStatus_doc/0/3" condition="false">
                  <true-value />
                </marker>
              </value>
              <condition>
                <and>
                  <or>
                    <or>
                      <marker id="Rules_Functional_AlienLegalStatus_doc/0/4">
                        <attribute attr-id="claimant_is_citizen" />
                      </marker>
                      <marker id="Rules_Functional_AlienLegalStatus_doc/0/5">
                        <attribute attr-id="claimant_spouse_us-citizen" />
                      </marker>
                    </or>
                    <or>
                      <marker id="Rules_Functional_AlienLegalStatus_doc/0/6">
                        <attribute attr-id="claimant_is_legal_alien" />
                      </marker>
                      <marker id="Rules_Functional_AlienLegalStatus_doc/0/7">
                        <attribute attr-id="claimant_spouse_us_citizen" />
                      </marker>
                    </or>
                  </or>
                  <marker id="Rules_Functional_AlienLegalStatus_doc/0/8">
                    <not>
                      <attribute attr-id="dci_ruled_on_legal_residency" />
                    </not>
                  </marker>
                </and>
              </condition>
              <otherwise>
                <marker id="Rules_Functional_AlienLegalStatus_doc/0/9" condition="false">
                  <false-value />
                </marker>
              </otherwise>
            </conclude>
          </marker>
          <and>
            <marker id="Rules_Functional_AlienLegalStatus_doc/0/10">
              <attribute attr-id="dci_ruled_on_legal_residency" />
            </marker>
            <marker id="Rules_Functional_AlienLegalStatus_doc/0/11">
              <attribute attr-id="dci_ruling_legal_resident" />
            </marker>
          </and>
        </or>
      </condition>
      <otherwise>
        <marker id="Rules_Functional_AlienLegalStatus_doc/0/12" condition="false">
          <false-value />
        </marker>
      </otherwise>
    </conclude>
    <conclude attr-id="dci_ruled_on_legal_residency" entity-id="global" scope-id="global0">
      <value>
        <marker id="Rules_Functional_AlienLegalStatus_doc/1/1" condition="false">
          <false-value />
        </marker>
      </value>
      <condition>
        <marker id="Rules_Functional_AlienLegalStatus_doc/1/2">
          <equals>
            <attribute attr-id="dci_reason_legal_alien" />
            <string-value />
          </equals>
        </marker>
      </condition>
      <otherwise>
        <marker id="Rules_Functional_AlienLegalStatus_doc/1/3" condition="false">
          <true-value />
        </marker>
      </otherwise>
    </conclude>
    <conclude attr-id="dci_ruling_legal_resident" entity-id="global" scope-id="global0">
      <value>
        <marker id="Rules_Functional_AlienLegalStatus_doc/2/1" condition="false">
          <true-value />
        </marker>
      </value>
      <condition>
        <marker id="Rules_Functional_AlienLegalStatus_doc/2/2">
          <attribute attr-id="dci_ruled_on_legal_residency" />
        </marker>
      </condition>
      <otherwise>
        <marker id="Rules_Functional_AlienLegalStatus_doc/2/3" condition="false">
          <false-value />
        </marker>
      </otherwise>
    </conclude>
    <conclude attr-id="b18@Rules_Functional_AlienLegalStatus_doc" entity-id="global" scope-id="global0">
      <value>
        <marker id="Rules_Functional_AlienLegalStatus_doc/3/1" condition="false">
          <true-value />
        </marker>
      </value>
      <condition>
        <or>
          <marker id="Rules_Functional_AlienLegalStatus_doc/3/2">
            <conclude attr-id="b19@Rules_Functional_AlienLegalStatus_doc" entity-id="global" scope-id="global0">
              <value>
                <marker id="Rules_Functional_AlienLegalStatus_doc/3/3" condition="false">
                  <true-value />
                </marker>
              </value>
              <condition>
                <and>
                  <marker id="Rules_Functional_AlienLegalStatus_doc/3/4">
                    <attribute attr-id="b12@Rules_Functional_AlienLegalStatus_doc" />
                  </marker>
                  <marker id="Rules_Functional_AlienLegalStatus_doc/3/5">
                    <not>
                      <attribute attr-id="b13@Rules_Functional_AlienLegalStatus_doc" />
                    </not>
                  </marker>
                </and>
              </condition>
              <otherwise>
                <marker id="Rules_Functional_AlienLegalStatus_doc/3/6" condition="false">
                  <false-value />
                </marker>
              </otherwise>
            </conclude>
          </marker>
          <marker id="Rules_Functional_AlienLegalStatus_doc/3/7">
            <conclude attr-id="b20@Rules_Functional_AlienLegalStatus_doc" entity-id="global" scope-id="global0">
              <value>
                <marker id="Rules_Functional_AlienLegalStatus_doc/3/8" condition="false">
                  <true-value />
                </marker>
              </value>
              <condition>
                <marker id="Rules_Functional_AlienLegalStatus_doc/3/9">
                  <attribute attr-id="b17@Rules_Functional_AlienLegalStatus_doc" />
                </marker>
              </condition>
              <otherwise>
                <marker id="Rules_Functional_AlienLegalStatus_doc/3/10" condition="false">
                  <false-value />
                </marker>
              </otherwise>
            </conclude>
          </marker>
        </or>
      </condition>
      <otherwise>
        <marker id="Rules_Functional_AlienLegalStatus_doc/3/11" condition="false">
          <false-value />
        </marker>
      </otherwise>
    </conclude>
    <conclude attr-id="b1@Rules_Functional_Pinpointing_doc" entity-id="global" scope-id="global0">
      <value>
        <marker id="Rules_Functional_Pinpointing_doc/0/1" condition="false">
          <true-value />
        </marker>
      </value>
      <condition>
        <and>
          <marker id="Rules_Functional_Pinpointing_doc/0/2">
            <equals>
              <attribute attr-id="dci_adjudicated_primary_reason" />
              <string-value>VQ</string-value>
            </equals>
          </marker>
          <marker id="Rules_Functional_Pinpointing_doc/0/3">
            <equals>
              <attribute attr-id="dci_adjudicated_secondary_reason" />
              <string-value>POW</string-value>
            </equals>
          </marker>
        </and>
      </condition>
      <otherwise>
        <marker id="Rules_Functional_Pinpointing_doc/0/4" condition="false">
          <false-value />
        </marker>
      </otherwise>
    </conclude>
    <conclude attr-id="b2@Rules_Functional_Pinpointing_doc" entity-id="global" scope-id="global0">
      <value>
        <marker id="Rules_Functional_Pinpointing_doc/1/1" condition="false">
          <true-value />
        </marker>
      </value>
      <condition>
        <and>
          <marker id="Rules_Functional_Pinpointing_doc/1/2">
            <attribute attr-id="burden_of_proof" />
          </marker>
          <marker id="Rules_Functional_Pinpointing_doc/1/3">
            <attribute attr-id="claimant_primary_reason_id" />
          </marker>
          <marker id="Rules_Functional_Pinpointing_doc/1/4">
            <attribute attr-id="b5@Rules_Functional_Pinpointing_doc" />
          </marker>
        </and>
      </condition>
      <otherwise>
        <marker id="Rules_Functional_Pinpointing_doc/1/5" condition="false">
          <false-value />
        </marker>
      </otherwise>
    </conclude>
    <conclude attr-id="claimant_primary_reason_id" entity-id="global" scope-id="global0">
      <value>
        <marker id="Rules_Functional_Pinpointing_doc/2/1" condition="false">
          <true-value />
        </marker>
      </value>
      <condition>
        <marker id="Rules_Functional_Pinpointing_doc/2/2">
          <attribute attr-id="b6@Rules_Functional_Pinpointing_doc" />
        </marker>
      </condition>
      <otherwise>
        <marker id="Rules_Functional_Pinpointing_doc/2/3" condition="false">
          <false-value />
        </marker>
      </otherwise>
    </conclude>
    <conclude attr-id="b5@Rules_Functional_Pinpointing_doc" entity-id="global" scope-id="global0">
      <value>
        <marker id="Rules_Functional_Pinpointing_doc/3/1" condition="false">
          <true-value />
        </marker>
      </value>
      <condition>
        <marker id="Rules_Functional_Pinpointing_doc/3/2">
          <attribute attr-id="b14@Rules_Functional_Goals_doc" />
        </marker>
      </condition>
      <otherwise>
        <marker id="Rules_Functional_Pinpointing_doc/3/3" condition="false">
          <false-value />
        </marker>
      </otherwise>
    </conclude>
    <conclude attr-id="b40@Properties_properties_xsrc" entity-id="global" scope-id="global0">
      <value>
        <marker id="Rules_PolicyBase_Quit_doc/0/1" condition="false">
          <true-value />
        </marker>
      </value>
      <condition>
        <and>
          <marker id="Rules_PolicyBase_Quit_doc/0/2">
            <attribute attr-id="claimant_burden_of_proof" />
          </marker>
          <marker id="Rules_PolicyBase_Quit_doc/0/3">
            <attribute attr-id="claimant_quit_voluntarily" />
          </marker>
          <marker id="Rules_PolicyBase_Quit_doc/0/4">
            <not>
              <attribute attr-id="b16@Rules_Functional_Goals_doc" />
            </not>
          </marker>
        </and>
      </condition>
      <otherwise>
        <marker id="Rules_PolicyBase_Quit_doc/0/5" condition="false">
          <false-value />
        </marker>
      </otherwise>
    </conclude>
    <conclude attr-id="claimant_initiated_separation" entity-id="global" scope-id="global0">
      <value>
        <marker id="Rules_PolicyBase_Quit_doc/1/1" condition="false">
          <true-value />
        </marker>
      </value>
      <condition>
        <marker id="Rules_PolicyBase_Quit_doc/1/2">
          <attribute attr-id="b2@Rules_PolicyBase_Quit_doc" />
        </marker>
      </condition>
      <otherwise>
        <marker id="Rules_PolicyBase_Quit_doc/1/3" condition="false">
          <false-value />
        </marker>
      </otherwise>
    </conclude>
    <conclude attr-id="claimant_quit_voluntarily" entity-id="global" scope-id="global0">
      <value>
        <marker id="Rules_PolicyBase_Quit_doc/2/1" condition="false">
          <true-value />
        </marker>
      </value>
      <condition>
        <or>
          <marker id="Rules_PolicyBase_Quit_doc/2/2">
            <attribute attr-id="b3@Rules_PolicyBase_Quit_doc" />
          </marker>
          <marker id="Rules_PolicyBase_Quit_doc/2/3">
            <attribute attr-id="b4@Rules_PolicyBase_Quit_doc" />
          </marker>
        </or>
      </condition>
      <otherwise>
        <marker id="Rules_PolicyBase_Quit_doc/2/4" condition="false">
          <false-value />
        </marker>
      </otherwise>
    </conclude>
    <conclude attr-id="b16@Rules_Functional_Goals_doc" entity-id="global" scope-id="global0">
      <value>
        <marker id="Rules_PolicyBase_Quit_doc/3/1" condition="false">
          <true-value />
        </marker>
      </value>
      <condition>
        <and>
          <marker id="Rules_PolicyBase_Quit_doc/3/2">
            <attribute attr-id="b55@Rules_Functional_Goals_doc" />
          </marker>
          <marker id="Rules_PolicyBase_Quit_doc/3/3">
            <attribute attr-id="b14@Rules_Functional_Goals_doc" />
          </marker>
        </and>
      </condition>
      <otherwise>
        <marker id="Rules_PolicyBase_Quit_doc/3/4" condition="false">
          <false-value />
        </marker>
      </otherwise>
    </conclude>
    <conclude attr-id="b55@Rules_Functional_Goals_doc" entity-id="global" scope-id="global0">
      <value>
        <marker id="Rules_PolicyBase_Quit_doc/4/1" condition="false">
          <true-value />
        </marker>
      </value>
      <condition>
        <and>
          <marker id="Rules_PolicyBase_Quit_doc/4/2">
            <not>
              <attribute attr-id="claimant_burden_of_proof" />
            </not>
          </marker>
          <marker id="Rules_PolicyBase_Quit_doc/4/3">
            <attribute attr-id="b10@Rules_Functional_Goals_doc" />
          </marker>
        </and>
      </condition>
      <otherwise>
        <marker id="Rules_PolicyBase_Quit_doc/4/4" condition="false">
          <false-value />
        </marker>
      </otherwise>
    </conclude>
    <conclude attr-id="b14@Rules_Functional_Goals_doc" entity-id="global" scope-id="global0">
      <value>
        <marker id="Rules_PolicyBase_Quit_doc/5/1" condition="false">
          <true-value />
        </marker>
      </value>
      <condition>
        <marker id="Rules_PolicyBase_Quit_doc/5/2">
          <conclude attr-id="b10@Rules_PolicyBase_Quit_doc" entity-id="global" scope-id="global0">
            <value>
              <marker id="Rules_PolicyBase_Quit_doc/5/3" condition="false">
                <true-value />
              </marker>
            </value>
            <condition>
              <marker id="Rules_PolicyBase_Quit_doc/5/4">
                <attribute attr-id="b11@Rules_PolicyBase_Quit_doc" />
              </marker>
            </condition>
            <otherwise>
              <marker id="Rules_PolicyBase_Quit_doc/5/5" condition="false">
                <false-value />
              </marker>
            </otherwise>
          </conclude>
        </marker>
      </condition>
      <otherwise>
        <marker id="Rules_PolicyBase_Quit_doc/5/6" condition="false">
          <false-value />
        </marker>
      </otherwise>
    </conclude>
    <conclude attr-id="b11@Rules_PolicyBase_Quit_doc" entity-id="global" scope-id="global0">
      <value>
        <marker id="Rules_PolicyBase_Quit_doc/6/1" condition="false">
          <true-value />
        </marker>
      </value>
      <condition>
        <and>
          <marker id="Rules_PolicyBase_Quit_doc/6/2">
            <attribute attr-id="i_secondary_stress" />
          </marker>
          <or>
            <marker id="Rules_PolicyBase_Quit_doc/6/3">
              <attribute attr-id="b13@Rules_PolicyBase_Quit_doc" />
            </marker>
            <marker id="Rules_PolicyBase_Quit_doc/6/4">
              <attribute attr-id="documented_harassment" />
            </marker>
          </or>
        </and>
      </condition>
      <otherwise>
        <marker id="Rules_PolicyBase_Quit_doc/6/5" condition="false">
          <false-value />
        </marker>
      </otherwise>
    </conclude>
    <conclude attr-id="b15@Rules_PolicyBase_Quit_doc" entity-id="global" scope-id="global0">
      <value>
        <marker id="Rules_PolicyBase_Quit_doc/7/1" condition="false">
          <false-value />
        </marker>
      </value>
      <condition>
        <marker id="Rules_PolicyBase_Quit_doc/7/2">
          <not>
            <attribute attr-id="b16@Rules_Functional_Goals_doc" />
          </not>
        </marker>
      </condition>
      <otherwise>
        <marker id="Rules_PolicyBase_Quit_doc/7/3" condition="false">
          <true-value />
        </marker>
      </otherwise>
    </conclude>
    <conclude attr-id="b5@Rules_Functional_AbleAndAvailable_doc" entity-id="global" scope-id="global0">
      <value>
        <marker id="Rules_Functional_AbleAndAvailable_doc/0/1" condition="false">
          <true-value />
        </marker>
      </value>
      <condition>
        <and>
          <marker id="Rules_Functional_AbleAndAvailable_doc/0/2">
            <attribute attr-id="b1@Rules_Functional_AbleAndAvailable_doc" />
          </marker>
          <marker id="Rules_Functional_AbleAndAvailable_doc/0/3">
            <attribute attr-id="b3@Rules_Functional_AbleAndAvailable_doc" />
          </marker>
        </and>
      </condition>
      <otherwise>
        <marker id="Rules_Functional_AbleAndAvailable_doc/0/4" condition="false">
          <false-value />
        </marker>
      </otherwise>
    </conclude>
    <conclude attr-id="b1@Rules_Functional_AbleAndAvailable_doc" entity-id="global" scope-id="global0">
      <value>
        <marker id="Rules_Functional_AbleAndAvailable_doc/1/1" condition="false">
          <true-value />
        </marker>
      </value>
      <condition>
        <marker id="Rules_Functional_AbleAndAvailable_doc/1/2">
          <attribute attr-id="b2@Rules_Functional_AbleAndAvailable_doc" />
        </marker>
      </condition>
      <otherwise>
        <marker id="Rules_Functional_AbleAndAvailable_doc/1/3" condition="false">
          <false-value />
        </marker>
      </otherwise>
    </conclude>
    <conclude attr-id="b3@Rules_Functional_AbleAndAvailable_doc" entity-id="global" scope-id="global0">
      <value>
        <marker id="Rules_Functional_AbleAndAvailable_doc/2/1" condition="false">
          <true-value />
        </marker>
      </value>
      <condition>
        <marker id="Rules_Functional_AbleAndAvailable_doc/2/2">
          <attribute attr-id="b4@Rules_Functional_AbleAndAvailable_doc" />
        </marker>
      </condition>
      <otherwise>
        <marker id="Rules_Functional_AbleAndAvailable_doc/2/3" condition="false">
          <false-value />
        </marker>
      </otherwise>
    </conclude>
    <conclude attr-id="b6@Rules_Functional_AbleAndAvailable_doc" entity-id="global" scope-id="global0">
      <value>
        <marker id="Rules_Functional_AbleAndAvailable_doc/3/1" condition="false">
          <true-value />
        </marker>
      </value>
      <condition>
        <and>
          <marker id="Rules_Functional_AbleAndAvailable_doc/3/2">
            <attribute attr-id="b7@Rules_Functional_AbleAndAvailable_doc" />
          </marker>
          <marker id="Rules_Functional_AbleAndAvailable_doc/3/3">
            <attribute attr-id="b8@Rules_Functional_AbleAndAvailable_doc" />
          </marker>
        </and>
      </condition>
      <otherwise>
        <marker id="Rules_Functional_AbleAndAvailable_doc/3/4" condition="false">
          <false-value />
        </marker>
      </otherwise>
    </conclude>
  </rules>
</rulebase>