<?xml version="1.0" encoding="utf-8"?>
<rulebase product-version="10.4.2.18" region="en-US">
  <entity text="Global" name="global" singleton="true">
    <attribute name="fpr_override_date_defined" type="Boolean" imported="true" />
    <attribute name="g01_asserted_override_date" type="Date" imported="true" />
    <attribute name="g01_filing_date" type="Date" imported="true" />
    <attribute name="g01_mre_was_twe" type="Boolean" imported="true" />
    <attribute name="g01_nmre_was_twe" type="Boolean" imported="true" />
    <attribute name="g01_base_scenario_id" type="Text" imported="true" />
    <attribute name="g01_most_recent_ldw" type="Date" imported="true" />
    <attribute name="g01_base_period_start_date" type="Date" imported="true" />
    <attribute name="g01_effective_date" type="Date" imported="true" />
    <attribute name="g01_mre_ldw" type="Date" imported="true" />
    <attribute name="g01_nmre_ldw" type="Date" imported="true" />
    <attribute name="g01_max_nmre_ldw" type="Date" imported="true" />
    <attribute name="g01_max_bptw_ldw" type="Date" imported="true" />
    <attribute name="claimant_has_curr_benefit_year" type="Boolean" imported="true" />
    <attribute name="jan_qtr_filing_fw" type="Boolean" imported="true" />
    <attribute name="apr_qtr_filing_fw" type="Boolean" imported="true" />
    <attribute name="jul_qtr_filing_fw" type="Boolean" imported="true" />
    <attribute name="oct_qtr_filing_fw" type="Boolean" imported="true" />
    <attribute name="mr_byed" type="Date" imported="true" />
    <attribute name="filing_year" type="Number" imported="true" />
    <attribute name="jan_first_week_date" type="Date" imported="true" />
    <attribute name="april_first_week_date" type="Date" imported="true" />
    <attribute name="july_first_week_date" type="Date" imported="true" />
    <attribute name="october_first_week_date" type="Date" imported="true" />
    <attribute name="jan_qtr_start_date" type="Date" imported="true" />
    <attribute name="apr_qtr_start_date" type="Date" imported="true" />
    <attribute name="jul_qtr_start_date" type="Date" imported="true" />
    <attribute name="oct_qtr_start_date" type="Date" imported="true" />
    <attribute name="jan_qtr_end_date" type="Date" imported="true" />
    <attribute name="apr_qtr_end_date" type="Date" imported="true" />
    <attribute name="jul_qtr_end_date" type="Date" imported="true" />
    <attribute name="oct_qtr_end_date" type="Date" imported="true" />
    <attribute name="benefit_year_end_date" type="Date" imported="true" />
    <attribute name="g01_base_period_end_date" type="Date" imported="true" />
    <attribute name="g01_mre_pattern_code" type="Text" imported="true" />
    <attribute name="g01_nmre_pattern_code" type="Text" imported="true" />
    <attribute name="g01_bptw_pattern_code" type="Text" imported="true" />
    <attribute name="claimant_alien_status_restricts" type="Boolean" imported="true" />
    <attribute name="fpr_claimant_has_alt_trans" type="Boolean" imported="true" />
    <attribute name="fpr_claimant_trans_no_good" type="Boolean" imported="true" />
    <attribute name="fpr_claimants_trans_no_work" type="Boolean" imported="true" />
    <attribute name="fpr_claimant_is_in_school" type="Boolean" imported="true" />
    <attribute name="fpr_claimant_is_apprentice" type="Boolean" imported="true" />
    <attribute name="fpr_claimants_school_is_ok" type="Boolean" imported="true" />
    <attribute name="fpr_claimant_gives_up_school" type="Boolean" imported="true" />
    <attribute name="fpr_claimant_school_no_look" type="Boolean" imported="true" />
    <attribute name="fpr_claimant_school_no_work" type="Boolean" imported="true" />
    <attribute name="fpr_claimant_cares" type="Boolean" imported="true" />
    <attribute name="fpr_claimant_cares_alternatly" type="Boolean" imported="true" />
    <attribute name="fpr_claimant_care_no_look" type="Boolean" imported="true" />
    <attribute name="fpr_claimant_care_no_work" type="Boolean" imported="true" />
    <attribute name="claimant_incarceration_restricts" type="Boolean" imported="true" />
    <attribute name="fpr_claimant_in_jail" type="Boolean" imported="true" />
    <attribute name="fpr_claimant_jail_no_look" type="Boolean" imported="true" />
    <attribute name="fpr_claimant_jail_no_work" type="Boolean" imported="true" />
    <attribute name="claimant_corp_restricts_avail" type="Boolean" imported="true" />
    <attribute name="fpr_claimant_is_self_employed" type="Boolean" imported="true" />
    <attribute name="fpr_claimant_on_commission" type="Boolean" imported="true" />
    <attribute name="fpr_claimant_secopcw_no_look" type="Boolean" imported="true" />
    <attribute name="fpr_claimant_secopcw_no_work" type="Boolean" imported="true" />
    <attribute name="claimant_is_an_alien" type="Boolean" imported="true" />
    <attribute name="fpr_claimant_risky_healty" type="Boolean" imported="true" />
    <attribute name="fpr_claimant_risk_involved" type="Boolean" imported="true" />
    <attribute name="fpr_claimant_not_fit" type="Boolean" imported="true" />
    <attribute name="fpr_claimant_training_no_good" type="Boolean" imported="true" />
    <attribute name="fpr_claimant_dollars_ok" type="Boolean" imported="true" />
    <attribute name="fpr_claimant_secretary_condition" type="Boolean" imported="true" />
    <attribute name="fpr_claimant_vacant_lock_out" type="Boolean" imported="true" />
    <attribute name="fpr_claimant_wages_no_good" type="Boolean" imported="true" />
    <attribute name="fpr_claimant_no_real_union" type="Boolean" imported="true" />
    <attribute name="fpr_claimant_prejudicial" type="Boolean" imported="true" />
    <attribute name="fpr_claimant_length_considered" type="Boolean" imported="true" />
    <attribute name="fpr_claimant_prospects_ok" type="Boolean" imported="true" />
    <attribute name="fpr_claimant_reasonable_drive" type="Boolean" imported="true" />
    <attribute name="fpr_claimant_has_alien_nbr" type="Boolean" imported="true" />
    <attribute name="fpr_alien_admitted_work" type="Boolean" imported="true" />
    <attribute name="fpr_alien_present_working" type="Boolean" imported="true" />
    <attribute name="fpr_alien_under_color" type="Boolean" imported="true" />
    <attribute name="fpr_alien_bunch_of_numbers" type="Boolean" imported="true" />
    <attribute name="fpr_claimant_is_citizen" type="Boolean" imported="true" />
    <attribute name="claimant_trans_restricts_avail" type="Boolean" imported="true" />
    <attribute name="claimants_ddc_restricts_avail" type="Boolean" imported="true" />
    <attribute name="mre_last_day_worked" type="Date" imported="true" />
    <attribute name="no_current_benefit_year" type="Boolean" imported="true" />
    <attribute name="claimants_sch_tr_restricts_avail" type="Boolean" imported="true" />
    <attribute name="claimant_auth_work_in_us" type="Boolean" imported="true" />
    <attribute name="fpr_claimant_is_closely_held" type="Boolean" imported="true" />
    <attribute name="fpr_claimant_no_experience" type="Boolean" imported="true" />
    <attribute name="g01_gbl_claimant_is_payable" type="Boolean" imported="true" />
    <attribute name="g01_gbl_status_eligible" type="Boolean" imported="true" />
    <attribute name="g01_inv_sep_complete" type="Boolean" imported="true" />
    <attribute name="g01_interviews_sufficient" type="Boolean" imported="true" />
    <attribute name="claimant_receiving_pernsion" type="Boolean" imported="true" />
    <attribute name="claimant_receive_nd_vac_pay" type="Boolean" imported="true" />
    <attribute name="claimant_receives_sev_pay" type="Boolean" imported="true" />
    <attribute name="claimant_remuneration_in_lieu" type="Boolean" imported="true" />
  </entity>
  <entity text="the employer" name="fpr_employer" singleton="false" imported="true">
    <attribute name="g01_fpr_employer_instance_id" type="Text" imported="true" />
    <attribute name="g01_ten_week_employer" type="Boolean" imported="true" />
    <attribute name="emp_potentially_chargeable" type="Boolean" imported="true" />
    <attribute name="g01_emp_current_employer" type="Boolean" imported="true" />
    <attribute name="g01_employer_num_separate_weeks" type="Number" imported="true" />
    <attribute name="emp_is_reimbursing" type="Boolean" imported="true" />
    <attribute name="g01_emp_timely_protest" type="Boolean" imported="true" />
    <attribute name="emp_claimant_refused_work" type="Boolean" imported="true" />
    <attribute name="fpr_emp_bona_fide_offer" type="Boolean" imported="true" />
    <attribute name="g01_emp_cont_pt_empt_from_hire" type="Boolean" imported="true" />
    <attribute name="g01_mre_employer" type="Boolean" imported="true" />
    <attribute name="g01_nmre_employer" type="Boolean" imported="true" />
    <attribute name="g01_na_twe_employer" type="Boolean" imported="true" />
    <attribute name="emp_claimant_prevent_convey" type="Boolean" imported="true" />
    <attribute name="g01_emp_categorization_code" type="Text" imported="true" />
    <attribute name="emp_assert_reimbursing" type="Boolean" imported="true" />
    <attribute name="emp_vacation_pay" type="Boolean" imported="true" />
    <attribute name="emp_non_deduct_pension" type="Boolean" imported="true" />
  </entity>
  <entity text="the employment" name="fpr_employment" singleton="false" imported="true">
    <attribute name="employment_instance_id" type="Text" imported="true" />
    <attribute name="g01_most_recent_employment" type="Boolean" imported="true" />
    <attribute name="g01_next_most_recent" type="Boolean" imported="true" />
    <attribute name="g01_empt_is_rce" type="Boolean" imported="true" />
    <attribute name="g01_nmr_sep_employment" type="Boolean" imported="true" />
    <attribute name="g01_most_recent_na_twe" type="Boolean" imported="true" />
    <attribute name="g01_employment_is_current" type="Boolean" imported="true" />
    <attribute name="g01_empt_active_within_ip" type="Boolean" imported="true" />
    <attribute name="g01_empt_mr_na_sep_empt" type="Boolean" imported="true" />
    <attribute name="g01_empt_mr_sep_empt" type="Boolean" imported="true" />
    <attribute name="g01_first_day_worked_date" type="Date" imported="true" />
    <attribute name="g01_last_day_worked_date" type="Date" imported="true" />
    <attribute name="g01_emp_separation_det" type="Text" imported="true" />
    <attribute name="g01_employment_total_weeks" type="Number" imported="true" />
    <attribute name="g01_empt_weeks_not_worked" type="Number" imported="true" />
    <attribute name="g01_worked_dates_seq" type="Boolean" imported="true" />
    <attribute name="g01_work_dates_range" type="Boolean" imported="true" />
    <attribute name="g01_empt_has_special_factor_code" type="Boolean" imported="true" />
    <attribute name="pattern_code" type="Text" imported="true" />
    <attribute name="employment_suitable" type="Boolean" imported="true" />
    <attribute name="empt_pt_from_date_of_hire" type="Boolean" imported="true" />
    <attribute name="g01_empt_wages_from_hire" type="Boolean" imported="true" />
    <attribute name="last_day_worked_valid" type="Boolean" imported="true" />
    <attribute name="first_day_worked_valid" type="Boolean" imported="true" />
    <attribute name="empt_claimant_sep_fault" type="Boolean" imported="true" />
    <attribute name="empt_employer_name" type="Text" imported="true" />
    <attribute name="work_dates_valid" type="Boolean" imported="true" />
    <attribute name="g01_empt_ongoing_vaca_pay" type="Boolean" imported="true" />
  </entity>
  <relationship imported="true" relationship-id="global_cont_employer" relationship-text="all instances of the employer" reverse-relationship-id="employer_cby_global" reverse-relationship-text="employer global instance" source="global" target="fpr_employer" type="OneToMany" is-containment="true" />
  <relationship imported="true" relationship-id="employer_cont_employment" relationship-text="all employer instances of employment" reverse-relationship-id="employment_cby_employer" reverse-relationship-text="employment to employer instance" source="fpr_employer" target="fpr_employment" type="OneToMany" is-containment="true" />
  <relationship imported="true" relationship-id="global_inf_employment" relationship-text="all inferred instances of the employment" reverse-relationship-id="employment_inf_global" reverse-relationship-text="each employment to global" source="global" target="fpr_employment" type="ManyToMany" is-containment="false" />
  <relationship imported="true" relationship-id="global2candidatesep" relationship-text="all candidate separation interview employments" reverse-relationship-id="candidatesep2global" reverse-relationship-text="each candidate separation to global" source="global" target="fpr_employment" type="ManyToMany" is-containment="false" />
  <relationship imported="true" relationship-id="gloabl_inf_exc_mre" relationship-text="all inferred instances except mre" reverse-relationship-id="mre_ex_to_global" reverse-relationship-text="each exc mre to global" source="global" target="fpr_employment" type="ManyToMany" is-containment="false" />
  <relationship imported="true" relationship-id="global_candidate_bptw" relationship-text="all inferred candidate bptw" reverse-relationship-id="candidate_bptw_global" reverse-relationship-text="each candidate to global" source="global" target="fpr_employment" type="ManyToMany" is-containment="false" />
  <rules module="ky_ui_fc:3FB052C848E549100E448D7AC7F02CFE" />
</rulebase>