<?xml version="1.0" encoding="utf-8"?>
<rulebase product-version="10.4.2.18" region="en-US">
  <entity text="Global" name="global" singleton="true">
    <attribute name="b1@Rules_uifcadditional_doc" type="Boolean" />
    <attribute name="proxy_s003_01" type="Boolean" />
    <attribute name="proxy_s004_01" type="Boolean" />
    <attribute name="b4@Rules_uifcadditional_doc" type="Boolean" />
    <attribute name="proxy_s007_01" type="Boolean" />
    <attribute name="b6@Rules_uifcadditional_doc" type="Boolean" />
    <attribute name="b7@Rules_uifcadditional_doc" type="Boolean" />
    <attribute name="proxy_s003_03" type="Boolean" />
    <attribute name="b9@Rules_uifcadditional_doc" type="Boolean" />
    <attribute name="proxy_s005_01" type="Boolean" />
    <attribute name="b11@Rules_uifcadditional_doc" type="Boolean" />
    <attribute name="b12@Rules_uifcadditional_doc" type="Boolean" />
    <attribute name="proxy_012_01" type="Boolean" />
    <attribute name="proxy_s012_02" type="Boolean" />
    <attribute name="b15@Rules_uifcadditional_doc" type="Boolean" />
    <attribute name="fpr_claimant_has_alien_nbr" type="Boolean" imported="true" />
    <attribute name="b18@Rules_uifcadditional_doc" type="Boolean" />
    <attribute name="b19@Rules_uifcadditional_doc" type="Boolean" />
    <attribute name="b20@Rules_uifcadditional_doc" type="Boolean" />
    <attribute name="b21@Rules_uifcadditional_doc" type="Boolean" />
    <attribute name="b22@Rules_uifcadditional_doc" type="Boolean" />
    <attribute name="b23@Rules_uifcadditional_doc" type="Boolean" />
    <attribute name="b24@Rules_uifcadditional_doc" type="Boolean" />
    <attribute name="b25@Rules_uifcadditional_doc" type="Boolean" />
    <attribute name="b26@Rules_uifcadditional_doc" type="Boolean" />
    <attribute name="b27@Rules_uifcadditional_doc" type="Boolean" />
    <attribute name="b28@Rules_uifcadditional_doc" type="Boolean" />
    <attribute name="b29@Rules_uifcadditional_doc" type="Boolean" />
    <attribute name="b30@Rules_uifcadditional_doc" type="Boolean" />
    <attribute name="b31@Rules_uifcadditional_doc" type="Boolean" />
    <attribute name="b32@Rules_uifcadditional_doc" type="Boolean" />
    <attribute name="b35@Rules_uifcadditional_doc" type="Boolean" />
    <attribute name="b36@Rules_uifcadditional_doc" type="Boolean" />
    <attribute name="b37@Rules_uifcadditional_doc" type="Boolean" />
    <attribute name="fc_s002_01" type="Boolean" />
    <attribute name="fc_s002_02" type="Boolean" />
    <attribute name="proxy_s011_01" type="Text" />
    <attribute name="proxy_s010_01" type="Number" />
    <attribute name="proxy_s008_04" type="Text" />
    <attribute name="proxy_s009_04" type="Text" />
    <attribute name="fc_s012_01" type="Text" />
    <attribute name="b1@Interviews_Screens_xint" type="Boolean" />
    <attribute name="b2@Interviews_Screens_xint" type="Boolean" />
    <attribute name="b4@Interviews_Screens_xint" type="Boolean" />
    <attribute name="b3@Interviews_Screens_xint" type="Boolean" />
    <attribute name="fc_001" type="Text" />
    <attribute name="fc_002" type="Text" />
    <attribute name="fc_003" type="Text" />
    <attribute name="fc_004" type="Text" />
    <attribute name="fc_005" type="Text" />
    <attribute name="fc_006" type="Text" />
    <attribute name="fc_007" type="Text" />
    <attribute name="fpr_test_flow" type="Boolean" />
    <attribute name="proxy_s003_02" type="Boolean" />
    <attribute name="proxy_s006_01" type="Text" />
    <attribute name="proxy_s006_02" type="Text" />
    <attribute name="proxy_s006_03" type="Number" />
    <attribute name="proxy_s006_04" type="Number" />
    <attribute name="proxy_s006_05" type="Text" />
    <attribute name="proxy_s007_02" type="Text" />
    <attribute name="proxy_s007_03" type="Date" />
    <attribute name="proxy_007_04" type="Number" />
    <attribute name="proxy_s007_04" type="Number" />
    <attribute name="proxy_s007_05" type="Text" />
    <attribute name="proxy_s007_06" type="Boolean" />
    <attribute name="proxy_007_07" type="Text" />
    <attribute name="proxy_s007_07" type="Text" />
    <attribute name="proxy_s007_08" type="Text" />
    <attribute name="proxy_s007_09" type="Text" />
    <attribute name="proxy_s007_10" type="Boolean" />
    <attribute name="proxy_s008_01" type="Text" />
    <attribute name="proxy_s008_02" type="Text" />
    <attribute name="proxy_s008_03" type="Text" />
    <attribute name="proxy_s008_05" type="Text" />
    <attribute name="proxy_s008_06" type="Number" />
    <attribute name="proxy_s009_01" type="Text" />
    <attribute name="proxy_s009_02" type="Text" />
    <attribute name="proxy_s009_03" type="Text" />
    <attribute name="proxy_s009_05" type="Number" />
    <attribute name="proxy_s009_06" type="Text" />
    <attribute name="proxy_s012_01" type="Boolean" />
    <attribute name="proxy_s011_02" type="Boolean" />
    <attribute name="proxy_s013_01" type="Boolean" />
    <attribute name="proxy_s014_01" type="Boolean" />
    <attribute name="proxy_s015_01" type="Boolean" />
    <attribute name="proxy_s008_07" type="Boolean" />
    <attribute name="proxy_s016_01" type="Boolean" />
    <attribute name="proxy_s017_01" type="Boolean" />
    <attribute name="proxy_s018_01" type="Text" />
    <attribute name="proxy_s018_02" type="Boolean" />
    <attribute name="proxy_s018_03" type="Boolean" />
    <attribute name="proxy_s019_01" type="Date" />
    <attribute name="proxy_s019_02" type="Boolean" />
    <attribute name="proxy_s019_03" type="Boolean" />
    <attribute name="proxy_s020_01" type="Date" />
    <attribute name="proxy_s021_01" type="Text" />
    <attribute name="proxy_s022_01" type="Boolean" />
    <attribute name="proxy_s022_02" type="Boolean" />
    <attribute name="proxy_s022_03" type="Text" />
    <attribute name="proxy_s022_04" type="Date" />
    <attribute name="proxy_s022_05" type="Date" />
    <attribute name="proxy_s022_06" type="Text" />
    <attribute name="proxy_s022_07" type="Boolean" />
    <attribute name="proxy_s023_01" type="Text" />
    <attribute name="proxy_s023_02" type="Boolean" />
    <attribute name="proxy_s023_03" type="Date" />
    <attribute name="proxy_s023_04" type="Date" />
    <attribute name="proxy_s024_01" type="Boolean" />
    <attribute name="proxy_s024_02" type="Boolean" />
    <attribute name="proxy_s024_03" type="Boolean" />
    <attribute name="proxy_s024_04" type="Boolean" />
    <attribute name="proxy_s025_01" type="Boolean" />
    <attribute name="proxy_s025_02" type="Date" />
    <attribute name="proxy_s025_03" type="Boolean" />
    <attribute name="proxy_s025_04" type="Text" />
    <attribute name="proxy_s026_01" type="Date" />
    <attribute name="proxy_s027_01" type="Text" />
    <attribute name="proxy_s028_01" type="Text" />
    <attribute name="proxy_s028_02" type="Boolean" />
    <attribute name="proxy_s029_01" type="Text" />
    <attribute name="proxy_s029_02" type="Boolean" />
    <attribute name="proxy_s030_01" type="Date" />
    <attribute name="proxy_s030_02" type="Date" />
    <attribute name="proxy_s030_03" type="Boolean" />
    <attribute name="proxy_s030_04" type="Text" />
    <attribute name="proxy_s000_01" type="Boolean" />
    <attribute name="proxy_s031_01" type="Boolean" />
    <attribute name="proxy_s031_02" type="Boolean" />
    <attribute name="proxy_s031_03" type="Boolean" />
    <attribute name="proxy_s031_04" type="Boolean" />
    <attribute name="proxy_s032_01" type="Date" />
    <attribute name="proxy_s032_02" type="Boolean" />
    <attribute name="proxy_s032_03" type="Boolean" />
    <attribute name="proxy_s032_04" type="Boolean" />
    <attribute name="proxy_s032_06" type="Boolean" />
    <attribute name="proxy_s032_07" type="Boolean" />
    <attribute name="proxy_s032_10" type="Boolean" />
    <attribute name="proxy_s032_09" type="Boolean" />
    <attribute name="proxy_s032_08" type="Text" />
    <attribute name="proxy_s032_11" type="Text" />
    <attribute name="proxy_s033_01" type="Date" />
    <attribute name="proxy_s034_01" type="Date" />
    <attribute name="proxy_s034_02" type="Boolean" />
    <attribute name="proxy_s034_03" type="Boolean" />
    <attribute name="proxy_s034_04" type="Boolean" />
    <attribute name="proxy_s034_05" type="Text" />
    <attribute name="proxy_s035_01" type="Date" />
    <attribute name="proxy_s036_01" type="Boolean" />
    <attribute name="proxy_s036_02" type="Boolean" />
    <attribute name="proxy_s000_02" type="Boolean" />
    <attribute name="fc_s001_01" type="Text" />
    <attribute name="fc_s001_02" type="Text" />
    <attribute name="fc_s001_03" type="Text" />
    <attribute name="fc_s001_05" type="Number" />
    <attribute name="fc_s002_03" type="Boolean" />
    <attribute name="fc_s003_01" type="Currency" />
    <attribute name="fc_s003_02" type="Date" />
    <attribute name="fc_s004_01" type="Currency" />
    <attribute name="fc_s004_02" type="Date" />
    <attribute name="fc_s004_03" type="Boolean" />
    <attribute name="fc_s004_04" type="Currency" />
    <attribute name="fc_s005_01" type="Text" />
    <attribute name="fc_s005_02" type="Text" />
    <attribute name="fc_s005_03" type="Text" />
    <attribute name="fc_s005_04" type="Text" />
    <attribute name="fc_s005_05" type="Currency" />
    <attribute name="fc_s005_06" type="Text" />
    <attribute name="fc_s005_07" type="Boolean" />
    <attribute name="fc_s005_08" type="Boolean" />
    <attribute name="fc_s005_09" type="Boolean" />
    <attribute name="fc_s005_10" type="Boolean" />
    <attribute name="fc_s006_01" type="Boolean" />
    <attribute name="fc_s006_02" type="Boolean" />
    <attribute name="fc_s006_03" type="Boolean" />
    <attribute name="fc_s006_04" type="Boolean" />
    <attribute name="fc_s006_05" type="Boolean" />
    <attribute name="fc_s007_01" type="Text" />
    <attribute name="fc_s007_02" type="Text" />
    <attribute name="fc_s007_03" type="Date" />
    <attribute name="fc_s007_04" type="Date" />
    <attribute name="fc_s008_01" type="Boolean" />
    <attribute name="fc_s008_02" type="Boolean" />
    <attribute name="fc_s008_03" type="Boolean" />
    <attribute name="fc_s008_04" type="Boolean" />
    <attribute name="fc_s009_01" type="Text" />
    <attribute name="fc_s009_02" type="Text" />
    <attribute name="fc_s009_03" type="Text" />
    <attribute name="fc_s009_04" type="Text" />
    <attribute name="fc_s009_05" type="Date" />
    <attribute name="fc_s009_06" type="Boolean" />
    <attribute name="fc_s009_07" type="Text" />
    <attribute name="fc_s010_01" type="Text" />
    <attribute name="fc_s010_02" type="Text" />
    <attribute name="fc_s011_01" type="Boolean" />
    <attribute name="fc_s011_02" type="Date" />
    <attribute name="fc_s011_03" type="Date" />
    <attribute name="fc_s001_04" type="Number" />
    <attribute name="fc_s013_01" type="Boolean" />
    <attribute name="fc_s013_02" type="Boolean" />
    <attribute name="fc_s013_03" type="Boolean" />
    <attribute name="fc_s014_01" type="Boolean" />
    <attribute name="fc_s014_03" type="Boolean" />
    <attribute name="fc_s014_04" type="Boolean" />
    <attribute name="fc_s014_05" type="Boolean" />
    <attribute name="fc_s014_07" type="Boolean" />
    <attribute name="fc_s014_08" type="Boolean" />
    <attribute name="fc_s014_09" type="Boolean" />
    <attribute name="fc_s014_10" type="Boolean" />
    <attribute name="fc_s015_01" type="Boolean" />
    <attribute name="fc_s015_02" type="Boolean" />
    <attribute name="fc_s015_03" type="Boolean" />
    <attribute name="fc_s015_04" type="Boolean" />
    <attribute name="fc_s015_05" type="Boolean" />
    <attribute name="fc_s015_06" type="Boolean" />
    <attribute name="fc_s015_07" type="Boolean" />
    <attribute name="fc_s015_08" type="Boolean" />
    <attribute name="fc_s015_09" type="Boolean" />
    <attribute name="fc_s016_01" type="Boolean" />
    <attribute name="fc_s016_02" type="Boolean" />
    <attribute name="fc_s016_03" type="Boolean" />
    <attribute name="fc_s016_04" type="Boolean" />
    <attribute name="fc_s016_05" type="Boolean" />
    <attribute name="fc_s016_06" type="Boolean" />
    <attribute name="fc_s016_07" type="Boolean" />
    <attribute name="fc_s016_08" type="Text" />
    <attribute name="fc_s017_01" type="Boolean" />
    <attribute name="fc_s017_02" type="Boolean" />
    <attribute name="fc_s017_03" type="Boolean" />
    <attribute name="fc_s001_06" type="Text" />
    <attribute name="fpr_override_date_defined" type="Boolean" imported="true" />
    <attribute name="g01_asserted_override_date" type="Date" imported="true" />
    <attribute name="g01_filing_date" type="Date" imported="true" />
    <attribute name="fpr_seperation_exists" type="Boolean" imported="true" />
    <attribute name="g01_mre_is_pc" type="Boolean" imported="true" />
    <attribute name="g01_nmr_is_pc" type="Boolean" imported="true" />
    <attribute name="g01_rce_is_pc" type="Boolean" imported="true" />
    <attribute name="g01_bptw_is_pc" type="Boolean" imported="true" />
    <attribute name="g01_most_recent_ldw" type="Date" imported="true" />
    <attribute name="g01_mre_ldw" type="Date" imported="true" />
    <attribute name="g01_nmre_ldw" type="Date" imported="true" />
    <attribute name="g01_max_nmre_ldw" type="Date" imported="true" />
    <attribute name="g01_max_bptw_ldw" type="Date" imported="true" />
    <attribute name="visible_investigation_period_text" type="Text" imported="true" />
    <attribute name="g01_base_period_start_date" type="Date" imported="true" />
    <attribute name="g01_effective_date" type="Date" imported="true" />
    <attribute name="fpr_at_least_one_concurrent" type="Boolean" imported="true" />
    <attribute name="claimant_has_curr_benefit_year" type="Boolean" imported="true" />
    <attribute name="jan_qtr_filing_fw" type="Boolean" imported="true" />
    <attribute name="apr_qtr_filing_fw" type="Boolean" imported="true" />
    <attribute name="jul_qtr_filing_fw" type="Boolean" imported="true" />
    <attribute name="oct_qtr_filing_fw" type="Boolean" imported="true" />
    <attribute name="fpr_filing_within_january_quarter" type="Boolean" imported="true" />
    <attribute name="fpr_filing_within_april_quarter" type="Boolean" imported="true" />
    <attribute name="fpr_filing_within_july_quarter" type="Boolean" imported="true" />
    <attribute name="fpr_filing_within_october_quarter" type="Boolean" imported="true" />
    <attribute name="mr_byed" type="Date" imported="true" />
    <attribute name="filing_year" type="Number" imported="true" />
    <attribute name="jan_first_week_date" type="Date" imported="true" />
    <attribute name="april_first_week_date" type="Date" imported="true" />
    <attribute name="july_first_week_date" type="Date" imported="true" />
    <attribute name="october_first_week_date" type="Date" imported="true" />
    <attribute name="jan_qtr_start_date" type="Date" imported="true" />
    <attribute name="apr_qtr_start_date" type="Date" imported="true" />
    <attribute name="jul_qtr_start_date" type="Date" imported="true" />
    <attribute name="oct_qtr_start_date" type="Date" imported="true" />
    <attribute name="jan_qtr_end_date" type="Date" imported="true" />
    <attribute name="apr_qtr_end_date" type="Date" imported="true" />
    <attribute name="jul_qtr_end_date" type="Date" imported="true" />
    <attribute name="oct_qtr_end_date" type="Date" imported="true" />
    <attribute name="benefit_year_end_date" type="Date" imported="true" />
    <attribute name="g01_base_period_end_date" type="Date" imported="true" />
    <attribute name="g01_mre_exists" type="Boolean" imported="true" />
    <attribute name="g01_rce_identified" type="Boolean" imported="true" />
    <attribute name="g01_nmr_identified" type="Boolean" imported="true" />
    <attribute name="g01_bptw_identified" type="Boolean" imported="true" />
    <attribute name="g01_base_scenario_id" type="Text" imported="true" />
    <attribute name="fpr_primary_special_factor_code" type="Text" imported="true" />
    <attribute name="fpr_secondary_special_factor_code" type="Text" imported="true" />
    <attribute name="fpr_is_s003" type="Boolean" imported="true" />
    <attribute name="fpr_section_d_5_di_06_included" type="Boolean" imported="true" />
    <attribute name="fpr_scenario_id_is_s008" type="Boolean" imported="true" />
    <attribute name="claimant_nod" type="Boolean" imported="true" />
    <attribute name="fpr_mre_gets_a_412a" type="Boolean" imported="true" />
    <attribute name="mre_nod" type="Boolean" imported="true" />
    <attribute name="nmre_nod" type="Boolean" imported="true" />
    <attribute name="bptw_nod" type="Boolean" imported="true" />
    <attribute name="fpr_physically_able_to_work" type="Boolean" imported="true" />
    <attribute name="fpr_mentally_able_to_work" type="Boolean" imported="true" />
    <attribute name="fpr_available_for_suitable" type="Boolean" imported="true" />
    <attribute name="fpr_making_effort_prudent" type="Boolean" imported="true" />
    <attribute name="fpr_has_physical_health_issue" type="Boolean" imported="true" />
    <attribute name="fpr_mental_health_issues" type="Boolean" imported="true" />
    <attribute name="fpr_tran_restricts_avail" type="Boolean" imported="true" />
    <attribute name="fpr_school_restricts_avail" type="Boolean" imported="true" />
    <attribute name="fpr_dependent_restricts_avail" type="Boolean" imported="true" />
    <attribute name="fpr_jail_restricts_avail" type="Boolean" imported="true" />
    <attribute name="fpr_self_officer_work_restricts_avail" type="Boolean" imported="true" />
    <attribute name="claimant_alien_status_restricts" type="Boolean" imported="true" />
    <attribute name="fpr_claimant_has_alt_trans" type="Boolean" imported="true" />
    <attribute name="fpr_claimant_trans_no_good" type="Boolean" imported="true" />
    <attribute name="fpr_claimants_trans_no_work" type="Boolean" imported="true" />
    <attribute name="fpr_claimant_is_in_school" type="Boolean" imported="true" />
    <attribute name="fpr_claimant_is_apprentice" type="Boolean" imported="true" />
    <attribute name="fpr_claimants_school_is_ok" type="Boolean" imported="true" />
    <attribute name="fpr_claimant_gives_up_school" type="Boolean" imported="true" />
    <attribute name="fpr_claimant_school_no_look" type="Boolean" imported="true" />
    <attribute name="fpr_claimant_school_no_work" type="Boolean" imported="true" />
    <attribute name="fpr_claimant_cares" type="Boolean" imported="true" />
    <attribute name="fpr_claimant_cares_alternatly" type="Boolean" imported="true" />
    <attribute name="fpr_claimant_care_no_look" type="Boolean" imported="true" />
    <attribute name="fpr_claimant_care_no_work" type="Boolean" imported="true" />
    <attribute name="claimant_incarceration_restricts" type="Boolean" imported="true" />
    <attribute name="fpr_claimant_in_jail" type="Boolean" imported="true" />
    <attribute name="fpr_claimant_jail_no_look" type="Boolean" imported="true" />
    <attribute name="fpr_claimant_jail_no_work" type="Boolean" imported="true" />
    <attribute name="claimant_corp_restricts_avail" type="Boolean" imported="true" />
    <attribute name="fpr_claimant_is_self_employed" type="Boolean" imported="true" />
    <attribute name="fpr_claimant_on_commission" type="Boolean" imported="true" />
    <attribute name="fpr_corporate_officer" type="Boolean" imported="true" />
    <attribute name="fpr_claimant_secopcw_no_look" type="Boolean" imported="true" />
    <attribute name="fpr_claimant_secopcw_no_work" type="Boolean" imported="true" />
    <attribute name="claimant_is_an_alien" type="Boolean" imported="true" />
    <attribute name="fpr_unauthorized_alien" type="Boolean" imported="true" />
    <attribute name="fpr_reasonable_effort" type="Boolean" imported="true" />
    <attribute name="fpr_regstered_with_service" type="Boolean" imported="true" />
    <attribute name="fpr_doing_required_contacts" type="Boolean" imported="true" />
    <attribute name="fpr_participating_as_requested" type="Boolean" imported="true" />
    <attribute name="fpr_seeking_suitable" type="Boolean" imported="true" />
    <attribute name="fpr_refused_suitable" type="Boolean" imported="true" />
    <attribute name="fpr_failed_suitable_work_search" type="Boolean" imported="true" />
    <attribute name="fpr_seeking_work" type="Boolean" imported="true" />
    <attribute name="fpr_work_is_suitable" type="Boolean" imported="true" />
    <attribute name="received_bona_fide_offer" type="Boolean" imported="true" />
    <attribute name="fpr_off_due_to_labor_dispute" type="Boolean" imported="true" />
    <attribute name="fpr_union_provides_work" type="Boolean" imported="true" />
    <attribute name="return_to_work_prospect" type="Boolean" imported="true" />
    <attribute name="fpr_reasonable_selection" type="Boolean" imported="true" />
    <attribute name="fpr_claimant_risky_healty" type="Boolean" imported="true" />
    <attribute name="fpr_claimant_risk_involved" type="Boolean" imported="true" />
    <attribute name="fpr_claimant_not_fit" type="Boolean" imported="true" />
    <attribute name="fpr_claimant_training_no_good" type="Boolean" imported="true" />
    <attribute name="fpr_experience_in_line_with_offer" type="Boolean" imported="true" />
    <attribute name="fpr_claimant_dollars_ok" type="Boolean" imported="true" />
    <attribute name="fpr_claimant_secretary_condition" type="Boolean" imported="true" />
    <attribute name="fpr_claimant_vacant_lock_out" type="Boolean" imported="true" />
    <attribute name="fpr_claimant_wages_no_good" type="Boolean" imported="true" />
    <attribute name="fpr_claimant_no_real_union" type="Boolean" imported="true" />
    <attribute name="fpr_claimant_prejudicial" type="Boolean" imported="true" />
    <attribute name="fpr_claimant_length_considered" type="Boolean" imported="true" />
    <attribute name="fpr_claimant_prospects_ok" type="Boolean" imported="true" />
    <attribute name="fpr_claimant_reasonable_drive" type="Boolean" imported="true" />
    <attribute name="fpr_work_offer_genuine" type="Boolean" imported="true" />
    <attribute name="fpr_work_was_specific" type="Boolean" imported="true" />
    <attribute name="fpr_offer_conveyed_successfully" type="Boolean" imported="true" />
    <attribute name="fpr_details_conveyed" type="Boolean" imported="true" />
    <attribute name="fpr_authorized_alien" type="Boolean" imported="true" />
    <attribute name="fpr_alien_admitted_work" type="Boolean" imported="true" />
    <attribute name="fpr_alien_present_working" type="Boolean" imported="true" />
    <attribute name="fpr_alien_under_color" type="Boolean" imported="true" />
    <attribute name="fpr_alien_bunch_of_numbers" type="Boolean" imported="true" />
    <attribute name="fpr_claimant_is_citizen" type="Boolean" imported="true" />
    <attribute name="fpr_referral_was_for_suitable" type="Boolean" imported="true" />
    <attribute name="fpr_directed_to_apply" type="Boolean" imported="true" />
    <attribute name="fpr_failed_to_apply" type="Boolean" imported="true" />
    <attribute name="fpr_details_preveted" type="Boolean" imported="true" />
    <attribute name="fpr_group_b_claim" type="Boolean" imported="true" />
    <attribute name="fpr_status_meets_eligibility" type="Boolean" imported="true" />
    <attribute name="claimant_trans_restricts_avail" type="Boolean" imported="true" />
    <attribute name="fpr_school_restricts_aa" type="Boolean" imported="true" />
    <attribute name="claimants_ddc_restricts_avail" type="Boolean" imported="true" />
    <attribute name="fpr_physical_health_prevents_work" type="Boolean" imported="true" />
    <attribute name="fpr_mental_health_prevents_work" type="Boolean" imported="true" />
    <attribute name="fpr_reasonable_prudent_person" type="Boolean" imported="true" />
    <attribute name="fpr_subject_to_work_search" type="Boolean" imported="true" />
    <attribute name="fpr_work_search_acceptable" type="Boolean" imported="true" />
    <attribute name="fpr_group_b_claimant" type="Boolean" imported="true" />
    <attribute name="fpr_income_deductable" type="Boolean" imported="true" />
    <attribute name="fpr_benefit_reduced_by_100" type="Boolean" imported="true" />
    <attribute name="fpr_get_ded_pension" type="Boolean" imported="true" />
    <attribute name="fpr_pension_employer_contributed" type="Boolean" imported="true" />
    <attribute name="fpr_receiving_pension" type="Boolean" imported="true" />
    <attribute name="fpr_chose_lump" type="Boolean" imported="true" />
    <attribute name="fpr_receiving_income" type="Boolean" imported="true" />
    <attribute name="fpr_paid_via_warn" type="Boolean" imported="true" />
    <attribute name="fpr_reduced_by_80" type="Boolean" imported="true" />
    <attribute name="fpr_gets_wages_from_one" type="Boolean" imported="true" />
    <attribute name="fpr_paid_while_feds_shutdown" type="Boolean" imported="true" />
    <attribute name="fpr_water_full_employed" type="Boolean" imported="true" />
    <attribute name="fpr_athletic_assurance" type="Boolean" imported="true" />
    <attribute name="fpr_earned_one_point_two_five" type="Boolean" imported="true" />
    <attribute name="fpr_sports_pro" type="Boolean" imported="true" />
    <attribute name="fpr_between_seasons" type="Boolean" imported="true" />
    <attribute name="fpr_last_season_participant" type="Boolean" imported="true" />
    <attribute name="fpr_service_in_successive" type="Boolean" imported="true" />
    <attribute name="fpr_sports_professional" type="Boolean" imported="true" />
    <attribute name="fpr_paid_sports_participant" type="Boolean" imported="true" />
    <attribute name="fpr_paid_athletic_preparer" type="Boolean" imported="true" />
    <attribute name="fpr_paid_during_shutdown" type="Boolean" imported="true" />
    <attribute name="fpr_works_for_feds" type="Boolean" imported="true" />
    <attribute name="fpr_feds_undergo_shutdown" type="Boolean" imported="true" />
    <attribute name="fpr_being_paid_regular_salary" type="Boolean" imported="true" />
    <attribute name="fpr_waterway_worker" type="Boolean" imported="true" />
    <attribute name="fpr_between_waterwork" type="Boolean" imported="true" />
    <attribute name="fpr_subject_to_fraud" type="Boolean" imported="true" />
    <attribute name="fpr_faked_info_for_benefits" type="Boolean" imported="true" />
    <attribute name="fpr_willfully_failed_to_report" type="Boolean" imported="true" />
    <attribute name="fpr_violated_krs3419906" type="Boolean" imported="true" />
    <attribute name="fpr_attempt_establishment" type="Boolean" imported="true" />
    <attribute name="fpr_knowingly_inaccurate" type="Boolean" imported="true" />
    <attribute name="fpr_failed_disclose_material_fact" type="Boolean" imported="true" />
    <attribute name="fpr_faked_statement_for_benefits" type="Boolean" imported="true" />
    <attribute name="fpr_did_not_report_wages" type="Boolean" imported="true" />
    <attribute name="fpr_claimd_during_wages_week" type="Boolean" imported="true" />
    <attribute name="fpr_bogus_statements" type="Boolean" imported="true" />
    <attribute name="fpr_failed_material_fact" type="Boolean" imported="true" />
    <attribute name="fpr_party_to_prevent_benefits" type="Boolean" imported="true" />
    <attribute name="fpr_attempted_avoidance_krs341" type="Boolean" imported="true" />
    <attribute name="fpr_attempted_to_avoid" type="Boolean" imported="true" />
    <attribute name="fpr_exhausted_euc" type="Boolean" imported="true" />
    <attribute name="fpr_received_euc" type="Boolean" imported="true" />
    <attribute name="fpr_exhausted_benefits" type="Boolean" imported="true" />
    <attribute name="fpr_ebp_denied" type="Boolean" imported="true" />
    <attribute name="fpr_requested_ebp" type="Boolean" imported="true" />
    <attribute name="fpr_clam_extended_injury" type="Boolean" imported="true" />
    <attribute name="fpr_seven_lost_seeking_sub" type="Boolean" imported="true" />
    <attribute name="fpr_wages_in_sub_quarters" type="Boolean" imported="true" />
    <attribute name="fpr_filed_timely_claim" type="Boolean" imported="true" />
    <attribute name="fpr_gets_worker_comp" type="Boolean" imported="true" />
    <attribute name="fpr_cancel_denied" type="Boolean" imported="true" />
    <attribute name="fpr_cancel_claim" type="Boolean" imported="true" />
    <attribute name="fpr_proper_claim" type="Boolean" imported="true" />
    <attribute name="fpr_training_request_denied" type="Boolean" imported="true" />
    <attribute name="fpr_training_approval_requested" type="Boolean" imported="true" />
    <attribute name="fpr_meets_training_approval" type="Boolean" imported="true" />
    <attribute name="fpr_school_not_approvable" type="Boolean" imported="true" />
    <attribute name="fpr_unauthorized_alien_earning" type="Boolean" imported="true" />
    <attribute name="fpr_alien_addmitted_at_service" type="Boolean" imported="true" />
    <attribute name="fpr_alien_present_at_time" type="Boolean" imported="true" />
    <attribute name="fpr_alien_under_color_at_time" type="Boolean" imported="true" />
    <attribute name="fpr_is_monetarily_eligible" type="Boolean" imported="true" />
    <attribute name="fpr_base_wages_ok_for_claim" type="Boolean" imported="true" />
    <attribute name="fpr_base_wages_subject" type="Boolean" imported="true" />
    <attribute name="fpr_wages_prior_except_extend" type="Boolean" imported="true" />
    <attribute name="fpr_equals_750" type="Boolean" imported="true" />
    <attribute name="fpr_less_than_one_point_five" type="Boolean" imported="true" />
    <attribute name="fpr_paid_eight_in_last_six" type="Boolean" imported="true" />
    <attribute name="fpr_earned_750_outside" type="Boolean" imported="true" />
    <attribute name="fpr_military_wages_not_valid" type="Boolean" imported="true" />
    <attribute name="fpr_work_covered" type="Boolean" imported="true" />
    <attribute name="fpr_reason_non-compliant" type="Boolean" imported="true" />
    <attribute name="fpr_met_reporting_req" type="Boolean" imported="true" />
    <attribute name="fpr_failed_to_finish_interview" type="Boolean" imported="true" />
    <attribute name="fpr_failed_to_report_as_told" type="Boolean" imported="true" />
    <attribute name="fpr_failed_orientation" type="Boolean" imported="true" />
    <attribute name="fpr_failed_to_register" type="Boolean" imported="true" />
    <attribute name="fpr_backdating_not_allowed" type="Boolean" imported="true" />
    <attribute name="fpr_failed_eligible_review" type="Boolean" imported="true" />
    <attribute name="fpr_schooled_to_finish_review" type="Boolean" imported="true" />
    <attribute name="fpr_failed_to_finish_review" type="Boolean" imported="true" />
    <attribute name="fpr_failed_to_report" type="Boolean" imported="true" />
    <attribute name="fpr_directed_to_additional" type="Boolean" imported="true" />
    <attribute name="fpr_told_to_complete" type="Boolean" imported="true" />
    <attribute name="fpr_cert_required_to_determine" type="Boolean" imported="true" />
    <attribute name="fpr_claim_needs_correction" type="Boolean" imported="true" />
    <attribute name="fpr_redirected_to_reemployment" type="Boolean" imported="true" />
    <attribute name="fpr_instructed_to_report" type="Boolean" imported="true" />
    <attribute name="fpr_failed_to_attend" type="Boolean" imported="true" />
    <attribute name="fpr_directed_to_rea_workshop" type="Boolean" imported="true" />
    <attribute name="fpr_directed_to_rea-euc" type="Boolean" imported="true" />
    <attribute name="fpr_directed_to_ken" type="Boolean" imported="true" />
    <attribute name="fpr_kentucky_resident" type="Boolean" imported="true" />
    <attribute name="fpr_designated_commuter" type="Boolean" imported="true" />
    <attribute name="fpr_must_register_in_kentucky" type="Boolean" imported="true" />
    <attribute name="fpr_failed_kentucky_registration" type="Boolean" imported="true" />
    <attribute name="fpr_good_excuse_to_not_register" type="Boolean" imported="true" />
    <attribute name="fpr_interstate_claimant" type="Boolean" imported="true" />
    <attribute name="fpr_register_in_home_state" type="Boolean" imported="true" />
    <attribute name="fpr_not_registered_in_home_state" type="Boolean" imported="true" />
    <attribute name="fpr_excuse_for_home_state" type="Boolean" imported="true" />
    <attribute name="fpr_excuse_file_earlier_failure" type="Boolean" imported="true" />
    <attribute name="fpr_wrong_filing_wants_paid" type="Boolean" imported="true" />
    <attribute name="fpr_wants_wrong_filing_backdated" type="Boolean" imported="true" />
    <attribute name="fpr_elected_remove_ed_wages" type="Boolean" imported="true" />
    <attribute name="fpr_academia_has_resonable" type="Boolean" imported="true" />
    <attribute name="fpr_ed_and_non_ed_wages" type="Boolean" imported="true" />
    <attribute name="fpr_non_edu_wages_ok" type="Boolean" imported="true" />
    <attribute name="fpr_education_removed" type="Boolean" imported="true" />
    <attribute name="fpr_between_two_term" type="Boolean" imported="true" />
    <attribute name="fpr_next_term_is_reasonable" type="Boolean" imported="true" />
    <attribute name="fpr_works_in_academia" type="Boolean" imported="true" />
    <attribute name="fpr_academia_service_agency" type="Boolean" imported="true" />
    <attribute name="fpr_works_in_school" type="Boolean" imported="true" />
    <attribute name="fpr_knowledge_transfer" type="Boolean" imported="true" />
    <attribute name="fpr_licensed_academia" type="Boolean" imported="true" />
    <attribute name="fpr_course_is_for_gainful_empl" type="Boolean" imported="true" />
    <attribute name="fpr_employed_by_fed_school" type="Boolean" imported="true" />
    <attribute name="fpr_exclusive_fed_school" type="Boolean" imported="true" />
    <attribute name="fpr_not_considered_due_to_weather" type="Boolean" imported="true" />
    <attribute name="fpr_full_time_employee" type="Boolean" imported="true" />
    <attribute name="fpr_offwork_inclement_weather" type="Boolean" imported="true" />
    <attribute name="fpr_bona_fide_dispute" type="Boolean" imported="true" />
    <attribute name="fpr_failed_imposition_req" type="Boolean" imported="true" />
    <attribute name="fpr_imposition_disqual" type="Boolean" imported="true" />
    <attribute name="fpr_imposition_imposed" type="Boolean" imported="true" />
    <attribute name="fpr_fraud_imposed_removed" type="Boolean" imported="true" />
    <attribute name="frp_double_dip" type="Boolean" imported="true" />
    <attribute name="fpr_previous_disqualification" type="Boolean" imported="true" />
    <attribute name="fpr_worked_in_four_ten" type="Boolean" imported="true" />
    <attribute name="fpr_has_imposed_ineligibility" type="Boolean" imported="true" />
    <attribute name="subst_changed_circumstances" type="Boolean" imported="true" />
    <attribute name="fpr_previous_has_ended" type="Boolean" imported="true" />
    <attribute name="fpr_previous_fraud" type="Boolean" imported="true" />
    <attribute name="fpr_returned_preceding_year" type="Boolean" imported="true" />
    <attribute name="fpr_earned_since_preceding" type="Boolean" imported="true" />
    <attribute name="fpr_earned_five_times_rate" type="Boolean" imported="true" />
    <attribute name="fpr_earned_four_times_rate_required" type="Boolean" imported="true" />
    <attribute name="fpr_claimant_is_payable" type="Boolean" imported="true" />
    <attribute name="g01_gbl_status_eligible" type="Boolean" imported="true" />
    <attribute name="fpr_meets_all_other" type="Boolean" imported="true" />
    <attribute name="fpr_quailified_separation" type="Boolean" imported="true" />
    <attribute name="fpr_qualified_separation" type="Boolean" imported="true" />
    <attribute name="mre_last_day_worked" type="Date" imported="true" />
    <attribute name="no_current_benefit_year" type="Boolean" imported="true" />
    <attribute name="claimant_auth_work_in_us" type="Boolean" imported="true" />
    <attribute name="fpr_claimant_is_closely_held" type="Boolean" imported="true" />
    <attribute name="fpr_claimant_no_experience" type="Boolean" imported="true" />
    <attribute name="g01_gbl_claimant_is_payable" type="Boolean" imported="true" />
    <attribute name="g01_inv_sep_complete" type="Boolean" imported="true" />
    <attribute name="g01_interviews_sufficient" type="Boolean" imported="true" />
    <attribute name="claimant_receiving_pernsion" type="Boolean" imported="true" />
    <attribute name="claimant_receive_nd_vac_pay" type="Boolean" imported="true" />
    <attribute name="claimant_receives_sev_pay" type="Boolean" imported="true" />
    <attribute name="claimant_remuneration_in_lieu" type="Boolean" imported="true" />
    <attribute name="finding_01_code" type="Text" imported="true" />
    <attribute name="claim_is_being_filed" type="Boolean" imported="true" />
    <attribute name="fpr_quit_exception" type="Boolean" imported="true" />
    <attribute name="fpr_refused_reasonable_inst" type="Boolean" imported="true" />
    <attribute name="fpr_wui" type="Boolean" imported="true" />
  </entity>
  <entity text="the employer" name="fpr_employer" singleton="false" imported="true">
    <attribute name="g01_fpr_employer_instance_id" type="Text" imported="true" />
    <attribute name="g01_ten_week_employer" type="Boolean" imported="true" />
    <attribute name="g01_emp_potentially_chargeable" type="Boolean" imported="true" />
    <attribute name="g01_emp_current_employer" type="Boolean" imported="true" />
    <attribute name="g01_mre_employer" type="Boolean" imported="true" />
    <attribute name="g01_nmre_employer" type="Boolean" imported="true" />
    <attribute name="fpr_emr_vis_date_range" type="Text" imported="true" />
    <attribute name="fpr_emr_ealiest_work_date" type="Date" imported="true" />
    <attribute name="fpr_emr_latest_work_date" type="Date" imported="true" />
    <attribute name="emr_mre_twe_to_bpsd" type="Boolean" imported="true" />
    <attribute name="g01_fpr_weeks_exceed_threshold" type="Boolean" imported="true" />
    <attribute name="g01_employer_num_separate_weeks" type="Number" imported="true" />
    <attribute name="fpr_max_unworked_weeks" type="Number" imported="true" />
    <attribute name="fpr_claim_rem_in_lieu" type="Boolean" imported="true" />
    <attribute name="emr_na_twe" type="Boolean" imported="true" />
    <attribute name="emp_assert_reimbursing" type="Boolean" imported="true" />
    <attribute name="emp_claimant_refused_work" type="Boolean" imported="true" />
    <attribute name="emr_refused_work_with_emp" type="Boolean" imported="true" />
    <attribute name="emr_work_suitable" type="Boolean" imported="true" />
    <attribute name="fpr_emp_bona_fide_offer" type="Boolean" imported="true" />
    <attribute name="emr_good_cause_to_refuse" type="Boolean" imported="true" />
    <attribute name="emr_gets_non_ded_pension" type="Boolean" imported="true" />
    <attribute name="emr_gets_severance_pay" type="Boolean" imported="true" />
    <attribute name="emr_benefit_down_by_100" type="Boolean" imported="true" />
    <attribute name="emr_benefit_down_by_80" type="Boolean" imported="true" />
    <attribute name="emr_gets_ded_pension" type="Boolean" imported="true" />
    <attribute name="emr_gets_warn_pay" type="Boolean" imported="true" />
    <attribute name="emr_pay_for_lack_of_notice" type="Boolean" imported="true" />
    <attribute name="emr_gets_wages" type="Boolean" imported="true" />
    <attribute name="emr_get_ded_vacation" type="Boolean" imported="true" />
    <attribute name="emr_gets_income" type="Boolean" imported="true" />
    <attribute name="emr_gets_income_as_wages" type="Boolean" imported="true" />
    <attribute name="emr_wages_while_claiming" type="Boolean" imported="true" />
    <attribute name="emr_gets_80_deducted" type="Boolean" imported="true" />
    <attribute name="emp_pension_solely_employer" type="Boolean" imported="true" />
    <attribute name="emr_gets_lump_sum" type="Boolean" imported="true" />
    <attribute name="emr_monthly_option_available" type="Boolean" imported="true" />
    <attribute name="emr_gets_vacation_at_work" type="Boolean" imported="true" />
    <attribute name="emr_gets_pension" type="Boolean" imported="true" />
    <attribute name="emr_gets_non_ded_vacation" type="Boolean" imported="true" />
    <attribute name="emr_paid_at_sep" type="Boolean" imported="true" />
    <attribute name="emr_paid_on_policy" type="Boolean" imported="true" />
    <attribute name="emr_paid_based_seniority" type="Boolean" imported="true" />
    <attribute name="emr_employed_full_time" type="Boolean" imported="true" />
    <attribute name="emr_worked_during_claim_wk" type="Boolean" imported="true" />
    <attribute name="emr_retirement_pursuant_to_plan" type="Boolean" imported="true" />
    <attribute name="emr_plan_includes_retirement" type="Boolean" imported="true" />
    <attribute name="emr_is_academia" type="Boolean" imported="true" />
    <attribute name="emr_has_reasonable_assurance" type="Boolean" imported="true" />
    <attribute name="g01_bptw_employer" type="Boolean" imported="true" />
    <attribute name="emp_claimant_prevent_convey" type="Boolean" imported="true" />
    <attribute name="g01_emp_categorization_code" type="Text" imported="true" />
    <attribute name="emp_is_reimbursing" type="Boolean" imported="true" />
    <attribute name="g01_emp_timely_protest" type="Boolean" imported="true" />
    <attribute name="g01_emp_cont_pt_empt_from_hire" type="Boolean" imported="true" />
    <attribute name="out_of_state_employer" type="Boolean" imported="true" />
    <attribute name="chargeability_ruling_deferred" type="Boolean" imported="true" />
    <attribute name="emr_may_be_relieved" type="Boolean" imported="true" />
    <attribute name="emr_timely_protest" type="Boolean" imported="true" />
    <attribute name="emr_is_chargeable" type="Boolean" imported="true" />
    <attribute name="emr_is_federal" type="Boolean" imported="true" />
    <attribute name="emr_left_to_avoid_drug_test" type="Boolean" imported="true" />
    <attribute name="emr_is_reimbursing" type="Boolean" imported="true" />
    <attribute name="emr_payment_in_lieu_reserve" type="Boolean" imported="true" />
    <attribute name="emr_out_of_state_employer" type="Boolean" imported="true" />
    <attribute name="emr_not_accountable" type="Boolean" imported="true" />
    <attribute name="emr_sep_is_non_disqualifying" type="Boolean" imported="true" />
    <attribute name="emr_sep_is_disqualifying" type="Boolean" imported="true" />
  </entity>
  <entity text="the employment" name="fpr_employment" singleton="false" imported="true">
    <attribute name="g01_employment_instance_id" type="Text" imported="true" />
    <attribute name="g01_most_recent_employment" type="Boolean" imported="true" />
    <attribute name="g01_next_most_recent" type="Boolean" imported="true" />
    <attribute name="g01_empt_is_rce" type="Boolean" imported="true" />
    <attribute name="g01_emt_is_current" type="Boolean" imported="true" />
    <attribute name="g01_empt_active_within_ip" type="Boolean" imported="true" />
    <attribute name="g01_most_recent_bptw" type="Boolean" imported="true" />
    <attribute name="g01_first_day_worked_date" type="Date" imported="true" />
    <attribute name="g01_last_day_worked_date" type="Date" imported="true" />
    <attribute name="fpr_emt_visible_name" type="Text" imported="true" />
    <attribute name="fpr_emt_discrete_weeks_worked" type="Number" imported="true" />
    <attribute name="g01_worked_dates_seq" type="Boolean" imported="true" />
    <attribute name="g01_work_dates_range" type="Boolean" imported="true" />
    <attribute name="g01_fpr_emt_sep_interview" type="Boolean" imported="true" />
    <attribute name="fpr_vq_wo_gc_from_emt" type="Boolean" imported="true" />
    <attribute name="emp_empt_dup" type="Boolean" imported="true" />
    <attribute name="employment_suitable" type="Boolean" imported="true" />
    <attribute name="empt_return_to_work_prospect" type="Boolean" imported="true" />
    <attribute name="emt_dismissal_wage_in_lieu" type="Boolean" imported="true" />
    <attribute name="emt_received_advance_notice" type="Boolean" imported="true" />
    <attribute name="emt_is_getting_paid" type="Boolean" imported="true" />
    <attribute name="emt_getting_vacation_pay" type="Boolean" imported="true" />
    <attribute name="emt_receiving_vacation_pay" type="Boolean" imported="true" />
    <attribute name="emt_discharge_dishonesty" type="Boolean" imported="true" />
    <attribute name="emt_was_discharged" type="Boolean" imported="true" />
    <attribute name="emt_deemed_dishonest" type="Boolean" imported="true" />
    <attribute name="emt_discharged_misconduct" type="Boolean" imported="true" />
    <attribute name="emt_action_deemed_misconduct" type="Boolean" imported="true" />
    <attribute name="emt_falsified_application" type="Boolean" imported="true" />
    <attribute name="emt_lost_required_license" type="Boolean" imported="true" />
    <attribute name="emt_lost_required_insurance" type="Boolean" imported="true" />
    <attribute name="emt_negligent_actions" type="Boolean" imported="true" />
    <attribute name="emp_action_is_misconduct" type="Boolean" imported="true" />
    <attribute name="emt_refused_instructions" type="Boolean" imported="true" />
    <attribute name="emt_refused_an_instruction" type="Boolean" imported="true" />
    <attribute name="emt_instruction_was_reasonable" type="Boolean" imported="true" />
    <attribute name="emt_wui" type="Boolean" imported="true" />
    <attribute name="emt_conduct_dangerous" type="Boolean" imported="true" />
    <attribute name="emt_conduct_endangered" type="Boolean" imported="true" />
    <attribute name="fpr_endangered_others" type="Boolean" imported="true" />
    <attribute name="emt_in_can_for_five" type="Boolean" imported="true" />
    <attribute name="emt_in_can_during_employment" type="Boolean" imported="true" />
    <attribute name="emt_in_can_for_five_part_2" type="Boolean" imported="true" />
    <attribute name="emt_action_was_wilful" type="Boolean" imported="true" />
    <attribute name="emt_behavior_prior_warning" type="Boolean" imported="true" />
    <attribute name="emt_was_warned_before" type="Boolean" imported="true" />
    <attribute name="emt_work_was_unsatisfactory" type="Boolean" imported="true" />
    <attribute name="emt_drivers_license_required" type="Boolean" imported="true" />
    <attribute name="emt_no_drivers_license" type="Boolean" imported="true" />
    <attribute name="emt_action_to_no_insurance" type="Boolean" imported="true" />
    <attribute name="emt_required_motor_operation" type="Boolean" imported="true" />
    <attribute name="emt_required_insurance" type="Boolean" imported="true" />
    <attribute name="emt_excessive_carelessness" type="Boolean" imported="true" />
    <attribute name="emt_negligent" type="Boolean" imported="true" />
    <attribute name="emr_claimant_v_rue_rule" type="Boolean" imported="true" />
    <attribute name="fpr_unsat_attendance" type="Boolean" imported="true" />
    <attribute name="fpr_emr_negligent_damage" type="Boolean" imported="true" />
    <attribute name="fpr_unsatisfactory_behavior" type="Boolean" imported="true" />
    <attribute name="emr_conduct_was_adverse" type="Boolean" imported="true" />
    <attribute name="emr_conduct_is_disregard" type="Boolean" imported="true" />
    <attribute name="emr_claimant_violated_rule" type="Boolean" imported="true" />
    <attribute name="emr_aware_of_rule" type="Boolean" imported="true" />
    <attribute name="fpr_rule_reasonable_for_type" type="Boolean" imported="true" />
    <attribute name="fpr_rule_unifomly_enforced" type="Boolean" imported="true" />
    <attribute name="fpr_claimant_unsat_attendance" type="Boolean" imported="true" />
    <attribute name="fpr_unsatisfactory_attendance" type="Boolean" imported="true" />
    <attribute name="fpr_has_excuse_for_attendance" type="Boolean" imported="true" />
    <attribute name="emr_action_caused_damage" type="Boolean" imported="true" />
    <attribute name="fpr_gross_negligence" type="Boolean" imported="true" />
    <attribute name="reported_under_the_influence" type="Boolean" imported="true" />
    <attribute name="emr_consumed_drugs_on_site" type="Boolean" imported="true" />
    <attribute name="fpr_consuming_during_work_hours" type="Boolean" imported="true" />
    <attribute name="fpr_inappropriate_behaviour" type="Boolean" imported="true" />
    <attribute name="emr_behavior_inappropriate" type="Boolean" imported="true" />
    <attribute name="emt_behavior_reasonable" type="Boolean" imported="true" />
    <attribute name="fpr_work_within_ability" type="Boolean" imported="true" />
    <attribute name="fpr_aware_of_responsibility" type="Boolean" imported="true" />
    <attribute name="fpr_unsatisfactory_performance" type="Boolean" imported="true" />
    <attribute name="fpr_willful_action" type="Boolean" imported="true" />
    <attribute name="fpr_negligent" type="Boolean" imported="true" />
    <attribute name="fpr_unintentional_mistake" type="Boolean" imported="true" />
    <attribute name="fpr_simple_negligence" type="Boolean" imported="true" />
    <attribute name="fpr_good_faith_error" type="Boolean" imported="true" />
    <attribute name="fpr_actions_recurrent" type="Boolean" imported="true" />
    <attribute name="fpr_actions_excessive" type="Boolean" imported="true" />
    <attribute name="emt_leave_of_absence" type="Boolean" imported="true" />
    <attribute name="emt_approved_loa" type="Boolean" imported="true" />
    <attribute name="emt_is_working_for_employment" type="Boolean" imported="true" />
    <attribute name="emt_leave_is_temporary" type="Boolean" imported="true" />
    <attribute name="emt_is_connected" type="Boolean" imported="true" />
    <attribute name="emt_quit_exception" type="Boolean" imported="true" />
    <attribute name="emt_voluntary_quit" type="Boolean" imported="true" />
    <attribute name="emt_requested_reduction" type="Boolean" imported="true" />
    <attribute name="emt_failed_substantial_condition" type="Boolean" imported="true" />
    <attribute name="emt_left_for_temp_employment" type="Boolean" imported="true" />
    <attribute name="emt_dispute_in_workplace" type="Boolean" imported="true" />
    <attribute name="emt_equipment_problems" type="Boolean" imported="true" />
    <attribute name="emt_harassment_not_unsuitable" type="Boolean" imported="true" />
    <attribute name="emt_medical_not_adverse" type="Boolean" imported="true" />
    <attribute name="emt_left_lack_training" type="Boolean" imported="true" />
    <attribute name="emt_good_cause_not_return" type="Boolean" imported="true" />
    <attribute name="fpr_distance_to_work" type="Boolean" imported="true" />
    <attribute name="emt_abandoned_employment" type="Boolean" imported="true" />
    <attribute name="emt_left_no_offer_of_work" type="Boolean" imported="true" />
    <attribute name="emt_left_in_anticipation" type="Boolean" imported="true" />
    <attribute name="emt_left_before_discharge" type="Boolean" imported="true" />
    <attribute name="emt_ended_mandatory_retire" type="Boolean" imported="true" />
    <attribute name="emt_left_discipline_reasonable" type="Boolean" imported="true" />
    <attribute name="emt_noncompliant_statutes" type="Boolean" imported="true" />
    <attribute name="emt_left_nmre_concurrent_mre" type="Boolean" imported="true" />
    <attribute name="emt_gt_100_lt_100" type="Boolean" imported="true" />
    <attribute name="emt_left_for_reasonable_job" type="Boolean" imported="true" />
    <attribute name="emt_left_with_military_spouse" type="Boolean" imported="true" />
    <attribute name="emt_left_personal_reasons" type="Boolean" imported="true" />
    <attribute name="emt_left_due_to_domestic" type="Boolean" imported="true" />
    <attribute name="emt_left_for_school" type="Boolean" imported="true" />
    <attribute name="emt_left_for_elsewhere" type="Boolean" imported="true" />
    <attribute name="emt_left_for_retirement" type="Boolean" imported="true" />
    <attribute name="emt_left_for_self_employment" type="Boolean" imported="true" />
    <attribute name="emt_left_no_ride_to_work" type="Boolean" imported="true" />
    <attribute name="emt_condition_settled_at_hire" type="Boolean" imported="true" />
    <attribute name="emt_failed_to_meet_condition" type="Boolean" imported="true" />
    <attribute name="emt_left_for_temporary" type="Boolean" imported="true" />
    <attribute name="emt_left_for_temporary_part_2" type="Boolean" imported="true" />
    <attribute name="emt_was_continuing" type="Boolean" imported="true" />
    <attribute name="emt_left_to_avoid_drug_test" type="Boolean" imported="true" />
    <attribute name="emt_left_to_avoid_drug_test_part_2" type="Boolean" imported="true" />
    <attribute name="emt_drug_policy_reasonable" type="Boolean" imported="true" />
    <attribute name="emt_left_without_exhausting" type="Boolean" imported="true" />
    <attribute name="emt_drug_test_required" type="Boolean" imported="true" />
    <attribute name="emt_left_due_to_dispute" type="Boolean" imported="true" />
    <attribute name="emt_dispute_unsuitable" type="Boolean" imported="true" />
    <attribute name="emt_left_because_of_equipment" type="Boolean" imported="true" />
    <attribute name="emt_left_due_to_harassment" type="Boolean" imported="true" />
    <attribute name="emt_left_medical_condition" type="Boolean" imported="true" />
    <attribute name="emt_medical_due_to_employment" type="Boolean" imported="true" />
    <attribute name="emt_left_no_training" type="Boolean" imported="true" />
    <attribute name="emt_no_conflict_with_religion" type="Boolean" imported="true" />
    <attribute name="emt_back_after_temp_layoff" type="Boolean" imported="true" />
    <attribute name="emt_good_excuse_not_return" type="Boolean" imported="true" />
    <attribute name="emt_conditons_reasonable" type="Boolean" imported="true" />
    <attribute name="emt_left_due_to_conditions" type="Boolean" imported="true" />
    <attribute name="emt_conditions_reasonable" type="Boolean" imported="true" />
    <attribute name="emt_conditions_necessary" type="Boolean" imported="true" />
    <attribute name="emt_left_reasonable_pay" type="Boolean" imported="true" />
    <attribute name="emt_left_pay_practice" type="Boolean" imported="true" />
    <attribute name="emt_dicipline_reasonable" type="Boolean" imported="true" />
    <attribute name="emt_left_dicipline_imposed" type="Boolean" imported="true" />
    <attribute name="Emt_left_due_to_distance_part2" type="Boolean" imported="true" />
    <attribute name="emt_on_time" type="Boolean" imported="true" />
    <attribute name="emt_timely_contact" type="Boolean" imported="true" />
    <attribute name="emt_excuse_for_not_reporting" type="Boolean" imported="true" />
    <attribute name="emt_no_statute_adoption" type="Boolean" imported="true" />
    <attribute name="emt_left_anticipating_new" type="Boolean" imported="true" />
    <attribute name="emt_anticipated_layoff" type="Boolean" imported="true" />
    <attribute name="emt_given_layoff_date" type="Boolean" imported="true" />
    <attribute name="emt_left_prior_to_layoff" type="Boolean" imported="true" />
    <attribute name="emt_provisional_layoff" type="Boolean" imported="true" />
    <attribute name="emt_left_freely_due_to_reduction" type="Boolean" imported="true" />
    <attribute name="emt_left_freely_due_to_hours" type="Boolean" imported="true" />
    <attribute name="emt_reasonable_hours" type="Boolean" imported="true" />
    <attribute name="emt_left_due_to_hours" type="Boolean" imported="true" />
    <attribute name="emt_violated_conditions" type="Boolean" imported="true" />
    <attribute name="emt_legitimate_work_hours" type="Boolean" imported="true" />
    <attribute name="emt_retired" type="Boolean" imported="true" />
    <attribute name="emt_agreed_to_retirement_policy" type="Boolean" imported="true" />
    <attribute name="emt_given_bona_fide_offer" type="Boolean" imported="true" />
    <attribute name="emt_accepted_offer" type="Boolean" imported="true" />
    <attribute name="emt_thought_work_would_go_on" type="Boolean" imported="true" />
    <attribute name="emt_sims_payable" type="Boolean" imported="true" />
    <attribute name="emt_health_related_to_employment" type="Boolean" imported="true" />
    <attribute name="emt_reasonabe_exhaust_prior" type="Boolean" imported="true" />
    <attribute name="empt_vq_no_good_cause" type="Boolean" imported="true" />
    <attribute name="emt_left_due_to_employment" type="Boolean" imported="true" />
    <attribute name="emt_left_not_religious_beliefs" type="Boolean" imported="true" />
    <attribute name="emr_conditions_reasonable" type="Boolean" imported="true" />
    <attribute name="emr_left_reasonable_wages" type="Boolean" imported="true" />
    <attribute name="emr_left_due_to_hours" type="Boolean" imported="true" />
    <attribute name="spouse_reassigned_by_bos" type="Boolean" imported="true" />
    <attribute name="fpr_responsible_condition" type="Boolean" imported="true" />
    <attribute name="fpr_equipment_gives_good_cause" type="Boolean" imported="true" />
    <attribute name="fpr_harassment_at_work" type="Boolean" imported="true" />
    <attribute name="fpr_training_unsuitable" type="Boolean" imported="true" />
    <attribute name="emt_left_because_of_religion" type="Boolean" imported="true" />
    <attribute name="emr_pay_reasonable" type="Boolean" imported="true" />
    <attribute name="emt_left_due_to_dicipline" type="Boolean" imported="true" />
    <attribute name="emr_persisted_work_offer" type="Boolean" imported="true" />
    <attribute name="emr_substantial_reduction" type="Boolean" imported="true" />
    <attribute name="emr_agreed_to_reduction" type="Boolean" imported="true" />
    <attribute name="emr_took_buyout" type="Boolean" imported="true" />
    <attribute name="fpr_mandatory_retirement_subject" type="Boolean" imported="true" />
    <attribute name="fpr_health_condition" type="Boolean" imported="true" />
    <attribute name="fpr_injury_prevents_regular_job" type="Boolean" imported="true" />
    <attribute name="emr_cant_provide_diminished" type="Boolean" imported="true" />
    <attribute name="emt_employer_violated_contract" type="Boolean" imported="true" />
    <attribute name="fpr_dispute_in_process" type="Boolean" imported="true" />
    <attribute name="fpr_unemp_bona_fide_dis" type="Boolean" imported="true" />
    <attribute name="fpr_bona_fide_labor_dispute" type="Boolean" imported="true" />
    <attribute name="emt_left_distance_no_change" type="Boolean" imported="true" />
    <attribute name="fpr_distance_remained_constant" type="Boolean" imported="true" />
    <attribute name="emt_has_reasonable_assurance" type="Boolean" imported="true" />
    <attribute name="emt_same_or_similar" type="Boolean" imported="true" />
    <attribute name="emt_contract_next_term" type="Boolean" imported="true" />
    <attribute name="emt_reasonable_next_term" type="Boolean" imported="true" />
    <attribute name="emt_is_qualified" type="Boolean" imported="true" />
    <attribute name="emt_employment_suitable" type="Boolean" imported="true" />
    <attribute name="emt_laid_off_from_employment" type="Boolean" imported="true" />
    <attribute name="emt_unvoluntary_retirement_pgm" type="Boolean" imported="true" />
    <attribute name="emt_disqualifying_reason" type="Boolean" imported="true" />
    <attribute name="empt_claimant_sep_fault" type="Boolean" imported="true" />
    <attribute name="last_day_worked_valid" type="Boolean" imported="true" />
    <attribute name="first_day_worked_valid" type="Boolean" imported="true" />
    <attribute name="g01_employment_total_weeks" type="Number" imported="true" />
    <attribute name="g01_nmr_sep_employment" type="Boolean" imported="true" />
    <attribute name="g01_empt_weeks_not_worked" type="Number" imported="true" />
    <attribute name="g01_empt_mr_sep_empt" type="Boolean" imported="true" />
    <attribute name="empt_employer_name" type="Text" imported="true" />
    <attribute name="g01_empt_mr_sep_bptw" type="Boolean" imported="true" />
    <attribute name="g01_emp_separation_det" type="Text" imported="true" />
    <attribute name="g01_empt_has_special_factor_code" type="Boolean" imported="true" />
    <attribute name="work_dates_valid" type="Boolean" imported="true" />
    <attribute name="g01_empt_wages_from_hire" type="Boolean" imported="true" />
    <attribute name="empt_pt_from_date_of_hire" type="Boolean" imported="true" />
    <attribute name="g01_empt_ongoing_vaca_pay" type="Boolean" imported="true" />
    <attribute name="emt_selected_status" type="Text" imported="true" />
    <attribute name="emt_emp_request_resignation" type="Boolean" imported="true" />
    <attribute name="emt_reason_emr_req_resign" type="Text" imported="true" />
    <attribute name="emt_terminated_if_not_resigned" type="Boolean" imported="true" />
    <attribute name="emt_adopted_subdivision_statute" type="Boolean" imported="true" />
    <attribute name="emt_left_due_to_distance" type="Boolean" imported="true" />
    <attribute name="fpr_emt_period_text" type="Text" imported="true" />
    <attribute name="emr_left_due_to_reduction" type="Boolean" imported="true" />
    <attribute name="fpr_unsuitable_harassment" type="Boolean" imported="true" />
    <attribute name="fpr_accept_offer_with_expectation" type="Boolean" imported="true" />
  </entity>
  <entity text="the issue" name="fpr_issue" singleton="false" imported="true">
    <attribute name="g01_the_issue_id" type="Text" imported="true" />
  </entity>
  <entity text="the action" name="fpr_action" singleton="false" imported="true">
    <attribute name="the_action_id" type="Text" imported="true" />
  </entity>
  <entity text="the nod" name="fpr_nod" singleton="false" imported="true">
    <attribute name="the_nod" type="Text" imported="true" />
    <attribute name="nod_d_1_mc_02_needs_inclusion" type="Boolean" imported="true" />
    <attribute name="nod_d_5_di_06_needs_inclusion" type="Boolean" imported="true" />
    <attribute name="nod_may_be_appealed" type="Boolean" imported="true" />
  </entity>
  <entity text="the section" name="fpr_nod_section" singleton="false" imported="true">
    <attribute name="the_section_id" type="Text" imported="true" />
    <attribute name="sec_sub_num_01_value" type="Number" imported="true" />
    <attribute name="sec_sub_date_01_value" type="Date" imported="true" />
  </entity>
  <entity text="the 412A" name="fpr_412a" singleton="false" imported="true">
    <attribute name="the_412a" type="Text" imported="true" />
  </entity>
  <relationship imported="true" relationship-id="fpr_global_c_emr" relationship-text="all instances of the employer" reverse-relationship-id="fpr_emr_cby_global" reverse-relationship-text="employer global instance" source="global" target="fpr_employer" type="OneToMany" is-containment="true" />
  <relationship imported="true" relationship-id="fpr_emr_c_emt" relationship-text="all employer instances of employment" reverse-relationship-id="fpr_emt_cby_emr" reverse-relationship-text="employment to employer instance" source="fpr_employer" target="fpr_employment" type="OneToMany" is-containment="true" />
  <relationship imported="true" relationship-id="fpr_global_inf_emt" relationship-text="all inferred instances of the employment" reverse-relationship-id="fpr_emt_inf_global" reverse-relationship-text="each inferred employment to global" source="global" target="fpr_employment" type="ManyToMany" is-containment="false" />
  <relationship imported="true" relationship-id="fpr_global_sep_emt" relationship-text="all separation interview employments" reverse-relationship-id="fpr_emt_sep_global" reverse-relationship-text="each separation to global" source="global" target="fpr_employment" type="ManyToMany" is-containment="false" />
  <relationship imported="true" relationship-id="fpr_global_inf_exc_mre" relationship-text="all inferred instances except mre" reverse-relationship-id="fpr_mre_ex_to_global" reverse-relationship-text="each exc mre to global" source="global" target="fpr_employment" type="ManyToMany" is-containment="false" />
  <relationship imported="true" relationship-id="fpr_global_bptw_emt" relationship-text="all inferred candidate bptw" reverse-relationship-id="fpr_emt_bptw_global" reverse-relationship-text="each bptw to global" source="global" target="fpr_employment" type="ManyToMany" is-containment="false" />
  <relationship imported="true" relationship-id="fpr_global2issue" relationship-text="all instances of the issue" reverse-relationship-id="fpr_issue2global" reverse-relationship-text="each issue instance to global" source="global" target="fpr_issue" type="OneToMany" is-containment="true" />
  <relationship imported="true" relationship-id="fpr_global_c_action" relationship-text="all instances of the action" reverse-relationship-id="fpr_action_cby_global" reverse-relationship-text="each action contained by global" source="global" target="fpr_action" type="OneToMany" is-containment="true" />
  <relationship imported="true" relationship-id="fpr_global_c_nod" relationship-text="all instances of the nod" reverse-relationship-id="fpr_nod_cby_global" reverse-relationship-text="each nod to global" source="global" target="fpr_nod" type="OneToMany" is-containment="true" />
  <relationship imported="true" relationship-id="fpr_emr_inf_nod" relationship-text="inferred employer nod" reverse-relationship-id="fpr_nod_inf_emr" reverse-relationship-text="nod inferred for employer" source="fpr_employer" target="fpr_nod" type="ManyToMany" is-containment="false" />
  <relationship imported="true" relationship-id="fpr_claimant_inf_nod" relationship-text="all inferred claimant nod" reverse-relationship-id="fpr_nod_inf_claimant" reverse-relationship-text="nod to claimant" source="global" target="fpr_nod" type="ManyToMany" is-containment="false" />
  <relationship imported="true" relationship-id="fpr_nod_c_section" relationship-text="all instances of the section for the nod" reverse-relationship-id="fpr_section_cby_nod" reverse-relationship-text="each section2 the nod" source="fpr_nod" target="fpr_nod_section" type="OneToMany" is-containment="true" />
  <relationship imported="true" relationship-id="fpr_nod_inf_section" relationship-text="all sections inferred" reverse-relationship-id="fpr_section_inf_nod" reverse-relationship-text="sections inferred for document" source="fpr_nod" target="fpr_nod_section" type="ManyToMany" is-containment="false" />
  <relationship imported="true" relationship-id="fpr_global_c_412a" relationship-text="all instances of the 412A" reverse-relationship-id="fpr412a_cby_global" reverse-relationship-text="each 412A contained by global" source="global" target="fpr_412a" type="OneToMany" is-containment="true" />
  <rules module="ky_ui_fc:B54AD3E3F07A8138A0275D8B392EE1E9">
    <conclude attr-id="b1@Rules_uifcadditional_doc" entity-id="global" scope-id="global0">
      <value>
        <marker id="Rules_uifcadditional_doc/0/1" condition="false">
          <true-value />
        </marker>
      </value>
      <condition>
        <and>
          <marker id="Rules_uifcadditional_doc/0/2">
            <not>
              <attribute attr-id="proxy_s003_01" />
            </not>
          </marker>
          <marker id="Rules_uifcadditional_doc/0/3">
            <not>
              <attribute attr-id="proxy_s004_01" />
            </not>
          </marker>
        </and>
      </condition>
      <otherwise>
        <marker id="Rules_uifcadditional_doc/0/4" condition="false">
          <false-value />
        </marker>
      </otherwise>
    </conclude>
    <conclude attr-id="b4@Rules_uifcadditional_doc" entity-id="global" scope-id="global0">
      <value>
        <marker id="Rules_uifcadditional_doc/1/1" condition="false">
          <true-value />
        </marker>
      </value>
      <condition>
        <and>
          <marker id="Rules_uifcadditional_doc/1/2">
            <not>
              <attribute attr-id="proxy_s007_01" />
            </not>
          </marker>
          <marker id="Rules_uifcadditional_doc/1/3">
            <not>
              <attribute attr-id="b6@Rules_uifcadditional_doc" />
            </not>
          </marker>
        </and>
      </condition>
      <otherwise>
        <marker id="Rules_uifcadditional_doc/1/4" condition="false">
          <false-value />
        </marker>
      </otherwise>
    </conclude>
    <conclude attr-id="b7@Rules_uifcadditional_doc" entity-id="global" scope-id="global0">
      <value>
        <marker id="Rules_uifcadditional_doc/2/1" condition="false">
          <true-value />
        </marker>
      </value>
      <condition>
        <or>
          <marker id="Rules_uifcadditional_doc/2/2">
            <attribute attr-id="proxy_s003_03" />
          </marker>
          <marker id="Rules_uifcadditional_doc/2/3">
            <attribute attr-id="b9@Rules_uifcadditional_doc" />
          </marker>
          <marker id="Rules_uifcadditional_doc/2/4">
            <attribute attr-id="proxy_s005_01" />
          </marker>
        </or>
      </condition>
      <otherwise>
        <marker id="Rules_uifcadditional_doc/2/5" condition="false">
          <false-value />
        </marker>
      </otherwise>
    </conclude>
    <conclude attr-id="b11@Rules_uifcadditional_doc" entity-id="global" scope-id="global0">
      <value>
        <marker id="Rules_uifcadditional_doc/3/1" condition="false">
          <true-value />
        </marker>
      </value>
      <condition>
        <marker id="Rules_uifcadditional_doc/3/2">
          <starts-with>
            <attribute attr-id="proxy_s011_01" />
            <string-value>Dir</string-value>
          </starts-with>
        </marker>
      </condition>
      <otherwise>
        <marker id="Rules_uifcadditional_doc/3/3" condition="false">
          <false-value />
        </marker>
      </otherwise>
    </conclude>
    <conclude attr-id="b12@Rules_uifcadditional_doc" entity-id="global" scope-id="global0">
      <value>
        <marker id="Rules_uifcadditional_doc/4/1" condition="false">
          <true-value />
        </marker>
      </value>
      <condition>
        <or>
          <marker id="Rules_uifcadditional_doc/4/2">
            <attribute attr-id="proxy_012_01" />
          </marker>
          <marker id="Rules_uifcadditional_doc/4/3">
            <attribute attr-id="proxy_s012_02" />
          </marker>
        </or>
      </condition>
      <otherwise>
        <marker id="Rules_uifcadditional_doc/4/4" condition="false">
          <false-value />
        </marker>
      </otherwise>
    </conclude>
    <conclude attr-id="b15@Rules_uifcadditional_doc" entity-id="global" scope-id="global0">
      <value>
        <marker id="Rules_uifcadditional_doc/5/1" condition="false">
          <true-value />
        </marker>
      </value>
      <condition>
        <marker id="Rules_uifcadditional_doc/5/2">
          <starts-with>
            <attribute attr-id="fc_s012_01" />
            <string-value>Quit</string-value>
          </starts-with>
        </marker>
      </condition>
      <otherwise>
        <marker id="Rules_uifcadditional_doc/5/3" condition="false">
          <false-value />
        </marker>
      </otherwise>
    </conclude>
    <conclude attr-id="fpr_claimant_has_alien_nbr" entity-id="global" scope-id="global0">
      <value>
        <marker id="Rules_uifcadditional_doc/6/1" condition="false">
          <true-value />
        </marker>
      </value>
      <condition>
        <marker id="Rules_uifcadditional_doc/6/2">
          <attribute attr-id="b18@Rules_uifcadditional_doc" />
        </marker>
      </condition>
      <otherwise>
        <marker id="Rules_uifcadditional_doc/6/3" condition="false">
          <false-value />
        </marker>
      </otherwise>
    </conclude>
    <conclude attr-id="b19@Rules_uifcadditional_doc" entity-id="global" scope-id="global0">
      <value>
        <marker id="Rules_uifcadditional_doc/7/1" condition="false">
          <true-value />
        </marker>
      </value>
      <condition>
        <marker id="Rules_uifcadditional_doc/7/2">
          <attribute attr-id="b20@Rules_uifcadditional_doc" />
        </marker>
      </condition>
      <otherwise>
        <marker id="Rules_uifcadditional_doc/7/3" condition="false">
          <false-value />
        </marker>
      </otherwise>
    </conclude>
    <conclude attr-id="b21@Rules_uifcadditional_doc" entity-id="global" scope-id="global0">
      <value>
        <marker id="Rules_uifcadditional_doc/8/1" condition="false">
          <true-value />
        </marker>
      </value>
      <condition>
        <marker id="Rules_uifcadditional_doc/8/2">
          <attribute attr-id="b22@Rules_uifcadditional_doc" />
        </marker>
      </condition>
      <otherwise>
        <marker id="Rules_uifcadditional_doc/8/3" condition="false">
          <false-value />
        </marker>
      </otherwise>
    </conclude>
    <conclude attr-id="b23@Rules_uifcadditional_doc" entity-id="global" scope-id="global0">
      <value>
        <marker id="Rules_uifcadditional_doc/9/1" condition="false">
          <true-value />
        </marker>
      </value>
      <condition>
        <marker id="Rules_uifcadditional_doc/9/2">
          <attribute attr-id="b24@Rules_uifcadditional_doc" />
        </marker>
      </condition>
      <otherwise>
        <marker id="Rules_uifcadditional_doc/9/3" condition="false">
          <false-value />
        </marker>
      </otherwise>
    </conclude>
    <conclude attr-id="b25@Rules_uifcadditional_doc" entity-id="global" scope-id="global0">
      <value>
        <marker id="Rules_uifcadditional_doc/10/1" condition="false">
          <true-value />
        </marker>
      </value>
      <condition>
        <marker id="Rules_uifcadditional_doc/10/2">
          <attribute attr-id="b26@Rules_uifcadditional_doc" />
        </marker>
      </condition>
      <otherwise>
        <marker id="Rules_uifcadditional_doc/10/3" condition="false">
          <false-value />
        </marker>
      </otherwise>
    </conclude>
    <conclude attr-id="b27@Rules_uifcadditional_doc" entity-id="global" scope-id="global0">
      <value>
        <marker id="Rules_uifcadditional_doc/11/1" condition="false">
          <true-value />
        </marker>
      </value>
      <condition>
        <marker id="Rules_uifcadditional_doc/11/2">
          <attribute attr-id="b28@Rules_uifcadditional_doc" />
        </marker>
      </condition>
      <otherwise>
        <marker id="Rules_uifcadditional_doc/11/3" condition="false">
          <false-value />
        </marker>
      </otherwise>
    </conclude>
    <conclude attr-id="b29@Rules_uifcadditional_doc" entity-id="global" scope-id="global0">
      <value>
        <marker id="Rules_uifcadditional_doc/12/1" condition="false">
          <true-value />
        </marker>
      </value>
      <condition>
        <marker id="Rules_uifcadditional_doc/12/2">
          <attribute attr-id="b30@Rules_uifcadditional_doc" />
        </marker>
      </condition>
      <otherwise>
        <marker id="Rules_uifcadditional_doc/12/3" condition="false">
          <false-value />
        </marker>
      </otherwise>
    </conclude>
    <conclude attr-id="b31@Rules_uifcadditional_doc" entity-id="global" scope-id="global0">
      <value>
        <marker id="Rules_uifcadditional_doc/13/1" condition="false">
          <true-value />
        </marker>
      </value>
      <condition>
        <marker id="Rules_uifcadditional_doc/13/2">
          <attribute attr-id="b32@Rules_uifcadditional_doc" />
        </marker>
      </condition>
      <otherwise>
        <marker id="Rules_uifcadditional_doc/13/3" condition="false">
          <false-value />
        </marker>
      </otherwise>
    </conclude>
    <conclude attr-id="b35@Rules_uifcadditional_doc" entity-id="global" scope-id="global0">
      <value>
        <marker id="Rules_uifcadditional_doc/14/1" condition="false">
          <true-value />
        </marker>
      </value>
      <condition>
        <marker id="Rules_uifcadditional_doc/14/2">
          <starts-with>
            <attribute attr-id="proxy_s009_04" />
            <string-value>KY</string-value>
          </starts-with>
        </marker>
      </condition>
      <otherwise>
        <marker id="Rules_uifcadditional_doc/14/3" condition="false">
          <false-value />
        </marker>
      </otherwise>
    </conclude>
    <conclude attr-id="b36@Rules_uifcadditional_doc" entity-id="global" scope-id="global0">
      <value>
        <marker id="Rules_uifcadditional_doc/15/1" condition="false">
          <true-value />
        </marker>
      </value>
      <condition>
        <marker id="Rules_uifcadditional_doc/15/2">
          <starts-with>
            <attribute attr-id="proxy_s008_04" />
            <string-value>KY</string-value>
          </starts-with>
        </marker>
      </condition>
      <otherwise>
        <marker id="Rules_uifcadditional_doc/15/3" condition="false">
          <false-value />
        </marker>
      </otherwise>
    </conclude>
    <conclude attr-id="b37@Rules_uifcadditional_doc" entity-id="global" scope-id="global0">
      <value>
        <marker id="Rules_uifcadditional_doc/16/1" condition="false">
          <true-value />
        </marker>
      </value>
      <condition>
        <and>
          <marker id="Rules_uifcadditional_doc/16/2">
            <not>
              <attribute attr-id="fc_s002_01" />
            </not>
          </marker>
          <marker id="Rules_uifcadditional_doc/16/3">
            <not>
              <attribute attr-id="fc_s002_02" />
            </not>
          </marker>
        </and>
      </condition>
      <otherwise>
        <marker id="Rules_uifcadditional_doc/16/4" condition="false">
          <false-value />
        </marker>
      </otherwise>
    </conclude>
  </rules>
</rulebase>