<?xml version="1.0" encoding="utf-8"?>
<rulebase product-version="10.4.2.18" region="en-US">
  <entity text="Global" name="global" singleton="true">
    <attribute name="b1@Rules_uifcadditional_doc" type="Boolean" />
    <attribute name="proxy_s003_01" type="Boolean" />
    <attribute name="proxy_s004_01" type="Boolean" />
    <attribute name="b4@Rules_uifcadditional_doc" type="Boolean" />
    <attribute name="proxy_s007_01" type="Boolean" />
    <attribute name="b6@Rules_uifcadditional_doc" type="Boolean" />
    <attribute name="b7@Rules_uifcadditional_doc" type="Boolean" />
    <attribute name="proxy_s003_03" type="Boolean" />
    <attribute name="b9@Rules_uifcadditional_doc" type="Boolean" />
    <attribute name="proxy_s005_01" type="Boolean" />
    <attribute name="b11@Rules_uifcadditional_doc" type="Boolean" />
    <attribute name="b12@Rules_uifcadditional_doc" type="Boolean" />
    <attribute name="proxy_012_01" type="Boolean" />
    <attribute name="proxy_s012_02" type="Boolean" />
    <attribute name="b15@Rules_uifcadditional_doc" type="Boolean" />
    <attribute name="fpr_claimant_has_alien_nbr" type="Boolean" imported="true" />
    <attribute name="b18@Rules_uifcadditional_doc" type="Boolean" />
    <attribute name="b19@Rules_uifcadditional_doc" type="Boolean" />
    <attribute name="b20@Rules_uifcadditional_doc" type="Boolean" />
    <attribute name="b21@Rules_uifcadditional_doc" type="Boolean" />
    <attribute name="b22@Rules_uifcadditional_doc" type="Boolean" />
    <attribute name="b23@Rules_uifcadditional_doc" type="Boolean" />
    <attribute name="b24@Rules_uifcadditional_doc" type="Boolean" />
    <attribute name="b25@Rules_uifcadditional_doc" type="Boolean" />
    <attribute name="b26@Rules_uifcadditional_doc" type="Boolean" />
    <attribute name="b27@Rules_uifcadditional_doc" type="Boolean" />
    <attribute name="b28@Rules_uifcadditional_doc" type="Boolean" />
    <attribute name="b29@Rules_uifcadditional_doc" type="Boolean" />
    <attribute name="b30@Rules_uifcadditional_doc" type="Boolean" />
    <attribute name="b31@Rules_uifcadditional_doc" type="Boolean" />
    <attribute name="b32@Rules_uifcadditional_doc" type="Boolean" />
    <attribute name="b35@Rules_uifcadditional_doc" type="Boolean" />
    <attribute name="b36@Rules_uifcadditional_doc" type="Boolean" />
    <attribute name="b37@Rules_uifcadditional_doc" type="Boolean" />
    <attribute name="fc_s002_01" type="Boolean" />
    <attribute name="fc_s002_02" type="Boolean" />
    <attribute name="proxy_s011_01" type="Text" />
    <attribute name="proxy_s010_01" type="Number" />
    <attribute name="proxy_s008_04" type="Text" />
    <attribute name="proxy_s009_04" type="Text" />
    <attribute name="fc_s012_01" type="Text" />
    <attribute name="b1@Interviews_Screens_xint" type="Boolean" />
    <attribute name="b2@Interviews_Screens_xint" type="Boolean" />
    <attribute name="b4@Interviews_Screens_xint" type="Boolean" />
    <attribute name="b3@Interviews_Screens_xint" type="Boolean" />
    <attribute name="fc_001" type="Text" />
    <attribute name="fc_002" type="Text" />
    <attribute name="fc_003" type="Text" />
    <attribute name="fc_004" type="Text" />
    <attribute name="fc_005" type="Text" />
    <attribute name="fc_006" type="Text" />
    <attribute name="fc_007" type="Text" />
    <attribute name="proxy_s003_02" type="Boolean" />
    <attribute name="proxy_s006_01" type="Text" />
    <attribute name="proxy_s006_02" type="Text" />
    <attribute name="proxy_s006_03" type="Number" />
    <attribute name="proxy_s006_04" type="Number" />
    <attribute name="proxy_s006_05" type="Text" />
    <attribute name="proxy_s007_02" type="Text" />
    <attribute name="proxy_s007_03" type="Date" />
    <attribute name="proxy_007_04" type="Number" />
    <attribute name="proxy_s007_04" type="Number" />
    <attribute name="proxy_s007_05" type="Text" />
    <attribute name="proxy_s007_06" type="Boolean" />
    <attribute name="proxy_007_07" type="Text" />
    <attribute name="proxy_s007_07" type="Text" />
    <attribute name="proxy_s007_08" type="Text" />
    <attribute name="proxy_s007_09" type="Text" />
    <attribute name="proxy_s007_10" type="Boolean" />
    <attribute name="proxy_s008_01" type="Text" />
    <attribute name="proxy_s008_02" type="Text" />
    <attribute name="proxy_s008_03" type="Text" />
    <attribute name="proxy_s008_05" type="Text" />
    <attribute name="proxy_s008_06" type="Number" />
    <attribute name="proxy_s009_01" type="Text" />
    <attribute name="proxy_s009_02" type="Text" />
    <attribute name="proxy_s009_03" type="Text" />
    <attribute name="proxy_s009_05" type="Number" />
    <attribute name="proxy_s009_06" type="Text" />
    <attribute name="proxy_s012_01" type="Boolean" />
    <attribute name="proxy_s011_02" type="Boolean" />
    <attribute name="proxy_s013_01" type="Boolean" />
    <attribute name="proxy_s014_01" type="Boolean" />
    <attribute name="proxy_s015_01" type="Boolean" />
    <attribute name="proxy_s008_07" type="Boolean" />
    <attribute name="proxy_s016_01" type="Boolean" />
    <attribute name="proxy_s017_01" type="Boolean" />
    <attribute name="proxy_s018_01" type="Text" />
    <attribute name="proxy_s018_02" type="Boolean" />
    <attribute name="proxy_s018_03" type="Boolean" />
    <attribute name="proxy_s019_01" type="Date" />
    <attribute name="proxy_s019_02" type="Boolean" />
    <attribute name="proxy_s019_03" type="Boolean" />
    <attribute name="proxy_s020_01" type="Date" />
    <attribute name="proxy_s021_01" type="Text" />
    <attribute name="proxy_s022_01" type="Boolean" />
    <attribute name="proxy_s022_02" type="Boolean" />
    <attribute name="proxy_s022_03" type="Text" />
    <attribute name="proxy_s022_04" type="Date" />
    <attribute name="proxy_s022_05" type="Date" />
    <attribute name="proxy_s022_06" type="Text" />
    <attribute name="proxy_s022_07" type="Boolean" />
    <attribute name="proxy_s023_01" type="Text" />
    <attribute name="proxy_s023_02" type="Boolean" />
    <attribute name="proxy_s023_03" type="Date" />
    <attribute name="proxy_s023_04" type="Date" />
    <attribute name="proxy_s024_01" type="Boolean" />
    <attribute name="proxy_s024_02" type="Boolean" />
    <attribute name="proxy_s024_03" type="Boolean" />
    <attribute name="proxy_s024_04" type="Boolean" />
    <attribute name="proxy_s025_01" type="Boolean" />
    <attribute name="proxy_s025_02" type="Date" />
    <attribute name="proxy_s025_03" type="Boolean" />
    <attribute name="proxy_s025_04" type="Text" />
    <attribute name="proxy_s026_01" type="Date" />
    <attribute name="proxy_s027_01" type="Text" />
    <attribute name="proxy_s028_01" type="Text" />
    <attribute name="proxy_s028_02" type="Boolean" />
    <attribute name="proxy_s029_01" type="Text" />
    <attribute name="proxy_s029_02" type="Boolean" />
    <attribute name="proxy_s030_01" type="Date" />
    <attribute name="proxy_s030_02" type="Date" />
    <attribute name="proxy_s030_03" type="Boolean" />
    <attribute name="proxy_s030_04" type="Text" />
    <attribute name="proxy_s000_01" type="Boolean" />
    <attribute name="proxy_s031_01" type="Boolean" />
    <attribute name="proxy_s031_02" type="Boolean" />
    <attribute name="proxy_s031_03" type="Boolean" />
    <attribute name="proxy_s031_04" type="Boolean" />
    <attribute name="proxy_s032_01" type="Date" />
    <attribute name="proxy_s032_02" type="Boolean" />
    <attribute name="proxy_s032_03" type="Boolean" />
    <attribute name="proxy_s032_04" type="Boolean" />
    <attribute name="proxy_s032_06" type="Boolean" />
    <attribute name="proxy_s032_07" type="Boolean" />
    <attribute name="proxy_s032_10" type="Boolean" />
    <attribute name="proxy_s032_09" type="Boolean" />
    <attribute name="proxy_s032_08" type="Text" />
    <attribute name="proxy_s032_11" type="Text" />
    <attribute name="proxy_s033_01" type="Date" />
    <attribute name="proxy_s034_01" type="Date" />
    <attribute name="proxy_s034_02" type="Boolean" />
    <attribute name="proxy_s034_03" type="Boolean" />
    <attribute name="proxy_s034_04" type="Boolean" />
    <attribute name="proxy_s034_05" type="Text" />
    <attribute name="proxy_s035_01" type="Date" />
    <attribute name="proxy_s036_01" type="Boolean" />
    <attribute name="proxy_s036_02" type="Boolean" />
    <attribute name="proxy_s000_02" type="Boolean" />
    <attribute name="fc_s001_01" type="Text" />
    <attribute name="fc_s001_02" type="Text" />
    <attribute name="fc_s001_03" type="Text" />
    <attribute name="fc_s001_05" type="Number" />
    <attribute name="fc_s002_03" type="Boolean" />
    <attribute name="fc_s003_01" type="Currency" />
    <attribute name="fc_s003_02" type="Date" />
    <attribute name="fc_s004_01" type="Currency" />
    <attribute name="fc_s004_02" type="Date" />
    <attribute name="fc_s004_03" type="Boolean" />
    <attribute name="fc_s004_04" type="Currency" />
    <attribute name="fc_s005_01" type="Text" />
    <attribute name="fc_s005_02" type="Text" />
    <attribute name="fc_s005_03" type="Text" />
    <attribute name="fc_s005_04" type="Text" />
    <attribute name="fc_s005_05" type="Currency" />
    <attribute name="fc_s005_06" type="Text" />
    <attribute name="fc_s005_07" type="Boolean" />
    <attribute name="fc_s005_08" type="Boolean" />
    <attribute name="fc_s005_09" type="Boolean" />
    <attribute name="fc_s005_10" type="Boolean" />
    <attribute name="fc_s006_01" type="Boolean" />
    <attribute name="fc_s006_02" type="Boolean" />
    <attribute name="fc_s006_03" type="Boolean" />
    <attribute name="fc_s006_04" type="Boolean" />
    <attribute name="fc_s006_05" type="Boolean" />
    <attribute name="fc_s007_01" type="Text" />
    <attribute name="fc_s007_02" type="Text" />
    <attribute name="fc_s007_03" type="Date" />
    <attribute name="fc_s007_04" type="Date" />
    <attribute name="fc_s008_01" type="Boolean" />
    <attribute name="fc_s008_02" type="Boolean" />
    <attribute name="fc_s008_03" type="Boolean" />
    <attribute name="fc_s008_04" type="Boolean" />
    <attribute name="fc_s009_01" type="Text" />
    <attribute name="fc_s009_02" type="Text" />
    <attribute name="fc_s009_03" type="Text" />
    <attribute name="fc_s009_04" type="Text" />
    <attribute name="fc_s009_05" type="Date" />
    <attribute name="fc_s009_06" type="Boolean" />
    <attribute name="fc_s009_07" type="Text" />
    <attribute name="fc_s010_01" type="Text" />
    <attribute name="fc_s010_02" type="Text" />
    <attribute name="fc_s011_01" type="Boolean" />
    <attribute name="fc_s011_02" type="Date" />
    <attribute name="fc_s011_03" type="Date" />
    <attribute name="fc_s001_04" type="Number" />
    <attribute name="fc_s013_01" type="Boolean" />
    <attribute name="fc_s013_02" type="Boolean" />
    <attribute name="fc_s013_03" type="Boolean" />
    <attribute name="fc_s014_01" type="Boolean" />
    <attribute name="fc_s014_02" type="Boolean" />
    <attribute name="fc_s014_03" type="Boolean" />
    <attribute name="fc_s014_04" type="Boolean" />
    <attribute name="fc_s014_05" type="Boolean" />
    <attribute name="fc_s014_06" type="Boolean" />
    <attribute name="fc_s014_07" type="Boolean" />
    <attribute name="fc_s014_08" type="Boolean" />
    <attribute name="fc_s014_09" type="Boolean" />
    <attribute name="fc_s014_10" type="Boolean" />
    <attribute name="fc_s015_01" type="Boolean" />
    <attribute name="fc_s015_02" type="Boolean" />
    <attribute name="fc_s015_03" type="Boolean" />
    <attribute name="fc_s015_04" type="Boolean" />
    <attribute name="fc_s015_05" type="Boolean" />
    <attribute name="fc_s015_06" type="Boolean" />
    <attribute name="fc_s015_07" type="Boolean" />
    <attribute name="fc_s015_08" type="Boolean" />
    <attribute name="fc_s015_09" type="Boolean" />
    <attribute name="fc_s016_01" type="Boolean" />
    <attribute name="fc_s016_02" type="Boolean" />
    <attribute name="fc_s016_03" type="Boolean" />
    <attribute name="fc_s016_04" type="Boolean" />
    <attribute name="fc_s016_05" type="Boolean" />
    <attribute name="fc_s016_06" type="Boolean" />
    <attribute name="fc_s016_07" type="Boolean" />
    <attribute name="fc_s016_08" type="Text" />
    <attribute name="fc_s017_01" type="Boolean" />
    <attribute name="fc_s017_02" type="Boolean" />
    <attribute name="fc_s017_03" type="Boolean" />
    <attribute name="fc_s001_06" type="Text" />
    <attribute name="fpr_override_date_defined" type="Boolean" imported="true" />
    <attribute name="g01_asserted_override_date" type="Date" imported="true" />
    <attribute name="g01_filing_date" type="Date" imported="true" />
    <attribute name="g01_mre_was_twe" type="Boolean" imported="true" />
    <attribute name="g01_nmre_was_twe" type="Boolean" imported="true" />
    <attribute name="g01_most_recent_ldw" type="Date" imported="true" />
    <attribute name="g01_base_period_start_date" type="Date" imported="true" />
    <attribute name="g01_effective_date" type="Date" imported="true" />
    <attribute name="g01_mre_ldw" type="Date" imported="true" />
    <attribute name="g01_nmre_ldw" type="Date" imported="true" />
    <attribute name="g01_max_nmre_ldw" type="Date" imported="true" />
    <attribute name="g01_max_bptw_ldw" type="Date" imported="true" />
    <attribute name="claimant_nod" type="Boolean" imported="true" />
    <attribute name="mre_nod" type="Boolean" imported="true" />
    <attribute name="nmre_nod" type="Boolean" imported="true" />
    <attribute name="bptw_nod" type="Boolean" imported="true" />
    <attribute name="claimant_has_curr_benefit_year" type="Boolean" imported="true" />
    <attribute name="jan_qtr_filing_fw" type="Boolean" imported="true" />
    <attribute name="apr_qtr_filing_fw" type="Boolean" imported="true" />
    <attribute name="jul_qtr_filing_fw" type="Boolean" imported="true" />
    <attribute name="oct_qtr_filing_fw" type="Boolean" imported="true" />
    <attribute name="mr_byed" type="Date" imported="true" />
    <attribute name="filing_year" type="Number" imported="true" />
    <attribute name="jan_first_week_date" type="Date" imported="true" />
    <attribute name="april_first_week_date" type="Date" imported="true" />
    <attribute name="july_first_week_date" type="Date" imported="true" />
    <attribute name="october_first_week_date" type="Date" imported="true" />
    <attribute name="jan_qtr_start_date" type="Date" imported="true" />
    <attribute name="apr_qtr_start_date" type="Date" imported="true" />
    <attribute name="jul_qtr_start_date" type="Date" imported="true" />
    <attribute name="oct_qtr_start_date" type="Date" imported="true" />
    <attribute name="jan_qtr_end_date" type="Date" imported="true" />
    <attribute name="apr_qtr_end_date" type="Date" imported="true" />
    <attribute name="jul_qtr_end_date" type="Date" imported="true" />
    <attribute name="oct_qtr_end_date" type="Date" imported="true" />
    <attribute name="benefit_year_end_date" type="Date" imported="true" />
    <attribute name="g01_base_period_end_date" type="Date" imported="true" />
    <attribute name="g01_mre_pattern_code" type="Text" imported="true" />
    <attribute name="g01_nmre_pattern_code" type="Text" imported="true" />
    <attribute name="g01_bptw_pattern_code" type="Text" imported="true" />
    <attribute name="g01_base_scenario_id" type="Text" imported="true" />
    <attribute name="claimant_alien_status_restricts" type="Boolean" imported="true" />
    <attribute name="fpr_claimant_has_alt_trans" type="Boolean" imported="true" />
    <attribute name="fpr_claimant_trans_no_good" type="Boolean" imported="true" />
    <attribute name="fpr_claimants_trans_no_work" type="Boolean" imported="true" />
    <attribute name="fpr_claimant_is_in_school" type="Boolean" imported="true" />
    <attribute name="fpr_claimant_is_apprentice" type="Boolean" imported="true" />
    <attribute name="fpr_claimants_school_is_ok" type="Boolean" imported="true" />
    <attribute name="fpr_claimant_gives_up_school" type="Boolean" imported="true" />
    <attribute name="fpr_claimant_school_no_look" type="Boolean" imported="true" />
    <attribute name="fpr_claimant_school_no_work" type="Boolean" imported="true" />
    <attribute name="fpr_claimant_cares" type="Boolean" imported="true" />
    <attribute name="fpr_claimant_cares_alternatly" type="Boolean" imported="true" />
    <attribute name="fpr_claimant_care_no_look" type="Boolean" imported="true" />
    <attribute name="fpr_claimant_care_no_work" type="Boolean" imported="true" />
    <attribute name="claimant_incarceration_restricts" type="Boolean" imported="true" />
    <attribute name="fpr_claimant_in_jail" type="Boolean" imported="true" />
    <attribute name="fpr_claimant_jail_no_look" type="Boolean" imported="true" />
    <attribute name="fpr_claimant_jail_no_work" type="Boolean" imported="true" />
    <attribute name="claimant_corp_restricts_avail" type="Boolean" imported="true" />
    <attribute name="fpr_claimant_is_self_employed" type="Boolean" imported="true" />
    <attribute name="fpr_claimant_on_commission" type="Boolean" imported="true" />
    <attribute name="fpr_claimant_secopcw_no_look" type="Boolean" imported="true" />
    <attribute name="fpr_claimant_secopcw_no_work" type="Boolean" imported="true" />
    <attribute name="claimant_is_an_alien" type="Boolean" imported="true" />
    <attribute name="return_to_work_prospect" type="Boolean" imported="true" />
    <attribute name="fpr_claimant_risky_healty" type="Boolean" imported="true" />
    <attribute name="fpr_claimant_risk_involved" type="Boolean" imported="true" />
    <attribute name="fpr_claimant_not_fit" type="Boolean" imported="true" />
    <attribute name="fpr_claimant_training_no_good" type="Boolean" imported="true" />
    <attribute name="fpr_claimant_dollars_ok" type="Boolean" imported="true" />
    <attribute name="fpr_claimant_secretary_condition" type="Boolean" imported="true" />
    <attribute name="fpr_claimant_vacant_lock_out" type="Boolean" imported="true" />
    <attribute name="fpr_claimant_wages_no_good" type="Boolean" imported="true" />
    <attribute name="fpr_claimant_no_real_union" type="Boolean" imported="true" />
    <attribute name="fpr_claimant_prejudicial" type="Boolean" imported="true" />
    <attribute name="fpr_claimant_length_considered" type="Boolean" imported="true" />
    <attribute name="fpr_claimant_prospects_ok" type="Boolean" imported="true" />
    <attribute name="fpr_claimant_reasonable_drive" type="Boolean" imported="true" />
    <attribute name="fpr_alien_admitted_work" type="Boolean" imported="true" />
    <attribute name="fpr_alien_present_working" type="Boolean" imported="true" />
    <attribute name="fpr_alien_under_color" type="Boolean" imported="true" />
    <attribute name="fpr_alien_bunch_of_numbers" type="Boolean" imported="true" />
    <attribute name="fpr_claimant_is_citizen" type="Boolean" imported="true" />
    <attribute name="claimant_trans_restricts_avail" type="Boolean" imported="true" />
    <attribute name="claimants_ddc_restricts_avail" type="Boolean" imported="true" />
    <attribute name="mre_last_day_worked" type="Date" imported="true" />
    <attribute name="no_current_benefit_year" type="Boolean" imported="true" />
    <attribute name="claimants_sch_tr_restricts_avail" type="Boolean" imported="true" />
    <attribute name="claimant_auth_work_in_us" type="Boolean" imported="true" />
    <attribute name="fpr_claimant_is_closely_held" type="Boolean" imported="true" />
    <attribute name="fpr_claimant_no_experience" type="Boolean" imported="true" />
    <attribute name="g01_gbl_claimant_is_payable" type="Boolean" imported="true" />
    <attribute name="g01_gbl_status_eligible" type="Boolean" imported="true" />
    <attribute name="g01_inv_sep_complete" type="Boolean" imported="true" />
    <attribute name="g01_interviews_sufficient" type="Boolean" imported="true" />
    <attribute name="claimant_receiving_pernsion" type="Boolean" imported="true" />
    <attribute name="claimant_receive_nd_vac_pay" type="Boolean" imported="true" />
    <attribute name="claimant_receives_sev_pay" type="Boolean" imported="true" />
    <attribute name="claimant_remuneration_in_lieu" type="Boolean" imported="true" />
  </entity>
  <entity text="the employer" name="fpr_employer" singleton="false" imported="true">
    <attribute name="g01_fpr_employer_instance_id" type="Text" imported="true" />
    <attribute name="g01_ten_week_employer" type="Boolean" imported="true" />
    <attribute name="emp_potentially_chargeable" type="Boolean" imported="true" />
    <attribute name="g01_emp_current_employer" type="Boolean" imported="true" />
    <attribute name="g01_mre_employer" type="Boolean" imported="true" />
    <attribute name="g01_nmre_employer" type="Boolean" imported="true" />
    <attribute name="g01_na_twe_employer" type="Boolean" imported="true" />
    <attribute name="g01_employer_num_separate_weeks" type="Number" imported="true" />
    <attribute name="emp_assert_reimbursing" type="Boolean" imported="true" />
    <attribute name="emp_is_reimbursing" type="Boolean" imported="true" />
    <attribute name="g01_emp_timely_protest" type="Boolean" imported="true" />
    <attribute name="emp_claimant_refused_work" type="Boolean" imported="true" />
    <attribute name="fpr_emp_bona_fide_offer" type="Boolean" imported="true" />
    <attribute name="g01_emp_cont_pt_empt_from_hire" type="Boolean" imported="true" />
    <attribute name="out_of_state_employer" type="Boolean" imported="true" />
    <attribute name="chargeability_ruling_deferred" type="Boolean" imported="true" />
    <attribute name="emp_claimant_prevent_convey" type="Boolean" imported="true" />
    <attribute name="g01_emp_categorization_code" type="Text" imported="true" />
  </entity>
  <entity text="the employment" name="fpr_employment" singleton="false" imported="true">
    <attribute name="employment_instance_id" type="Text" imported="true" />
    <attribute name="g01_most_recent_employment" type="Boolean" imported="true" />
    <attribute name="g01_next_most_recent" type="Boolean" imported="true" />
    <attribute name="g01_empt_is_rce" type="Boolean" imported="true" />
    <attribute name="g01_nmr_sep_employment" type="Boolean" imported="true" />
    <attribute name="g01_most_recent_na_twe" type="Boolean" imported="true" />
    <attribute name="g01_employment_is_current" type="Boolean" imported="true" />
    <attribute name="g01_empt_active_within_ip" type="Boolean" imported="true" />
    <attribute name="g01_empt_mr_na_sep_empt" type="Boolean" imported="true" />
    <attribute name="g01_empt_mr_sep_empt" type="Boolean" imported="true" />
    <attribute name="g01_first_day_worked_date" type="Date" imported="true" />
    <attribute name="g01_last_day_worked_date" type="Date" imported="true" />
    <attribute name="g01_employment_total_weeks" type="Number" imported="true" />
    <attribute name="g01_empt_weeks_not_worked" type="Number" imported="true" />
    <attribute name="g01_worked_dates_seq" type="Boolean" imported="true" />
    <attribute name="g01_work_dates_range" type="Boolean" imported="true" />
    <attribute name="g01_empt_has_special_factor_code" type="Boolean" imported="true" />
    <attribute name="pattern_code" type="Text" imported="true" />
    <attribute name="g01_emp_separation_det" type="Text" imported="true" />
    <attribute name="employment_suitable" type="Boolean" imported="true" />
    <attribute name="empt_return_to_work_prospect" type="Boolean" imported="true" />
    <attribute name="empt_pt_from_date_of_hire" type="Boolean" imported="true" />
    <attribute name="g01_empt_wages_from_hire" type="Boolean" imported="true" />
    <attribute name="reported_under_the_influence" type="Boolean" imported="true" />
    <attribute name="last_day_worked_valid" type="Boolean" imported="true" />
    <attribute name="first_day_worked_valid" type="Boolean" imported="true" />
    <attribute name="empt_claimant_sep_fault" type="Boolean" imported="true" />
    <attribute name="empt_employer_name" type="Text" imported="true" />
    <attribute name="work_dates_valid" type="Boolean" imported="true" />
    <attribute name="g01_empt_ongoing_vaca_pay" type="Boolean" imported="true" />
  </entity>
  <entity text="the document" name="inferred_document" singleton="false" imported="true">
    <attribute name="the_document" type="Text" imported="true" />
    <attribute name="document_may_be_appealed" type="Boolean" imported="true" />
    <attribute name="doc_section_01" type="Boolean" imported="true" />
    <attribute name="doc_section_02" type="Boolean" imported="true" />
  </entity>
  <relationship imported="true" relationship-id="global_cont_employer" relationship-text="all instances of the employer" reverse-relationship-id="employer_cby_global" reverse-relationship-text="employer global instance" source="global" target="fpr_employer" type="OneToMany" is-containment="true" />
  <relationship imported="true" relationship-id="employer_cont_employment" relationship-text="all employer instances of employment" reverse-relationship-id="employment_cby_employer" reverse-relationship-text="employment to employer instance" source="fpr_employer" target="fpr_employment" type="OneToMany" is-containment="true" />
  <relationship imported="true" relationship-id="global_inf_employment" relationship-text="all inferred instances of the employment" reverse-relationship-id="employment_inf_global" reverse-relationship-text="each employment to global" source="global" target="fpr_employment" type="ManyToMany" is-containment="false" />
  <relationship imported="true" relationship-id="global2candidatesep" relationship-text="all candidate separation interview employments" reverse-relationship-id="candidatesep2global" reverse-relationship-text="each candidate separation to global" source="global" target="fpr_employment" type="ManyToMany" is-containment="false" />
  <relationship imported="true" relationship-id="gloabl_inf_exc_mre" relationship-text="all inferred instances except mre" reverse-relationship-id="mre_ex_to_global" reverse-relationship-text="each exc mre to global" source="global" target="fpr_employment" type="ManyToMany" is-containment="false" />
  <relationship imported="true" relationship-id="global_candidate_bptw" relationship-text="all inferred candidate bptw" reverse-relationship-id="candidate_bptw_global" reverse-relationship-text="each candidate to global" source="global" target="fpr_employment" type="ManyToMany" is-containment="false" />
  <relationship imported="true" relationship-id="globaltodocument" relationship-text="all instances of the document" reverse-relationship-id="documenttoglobal" reverse-relationship-text="each document to global" source="global" target="inferred_document" type="OneToMany" is-containment="true" />
  <relationship imported="true" relationship-id="employertodocument" relationship-text="inferred employer document" reverse-relationship-id="documenttoemployer" reverse-relationship-text="document inferred for employer" source="fpr_employer" target="inferred_document" type="OneToMany" is-containment="false" />
  <relationship imported="true" relationship-id="claimanttodocument" relationship-text="all inferred claimant documents" reverse-relationship-id="documenttoclaimant" reverse-relationship-text="document to claimant" source="global" target="inferred_document" type="OneToMany" is-containment="false" />
  <rules module="ky_ui_fc:7F3A115936863A40B88A5FEC532DE622">
    <conclude attr-id="b1@Rules_uifcadditional_doc" entity-id="global" scope-id="global0">
      <value>
        <marker id="Rules_uifcadditional_doc/0/1" condition="false">
          <true-value />
        </marker>
      </value>
      <condition>
        <and>
          <marker id="Rules_uifcadditional_doc/0/2">
            <not>
              <attribute attr-id="proxy_s003_01" />
            </not>
          </marker>
          <marker id="Rules_uifcadditional_doc/0/3">
            <not>
              <attribute attr-id="proxy_s004_01" />
            </not>
          </marker>
        </and>
      </condition>
      <otherwise>
        <marker id="Rules_uifcadditional_doc/0/4" condition="false">
          <false-value />
        </marker>
      </otherwise>
    </conclude>
    <conclude attr-id="b4@Rules_uifcadditional_doc" entity-id="global" scope-id="global0">
      <value>
        <marker id="Rules_uifcadditional_doc/1/1" condition="false">
          <true-value />
        </marker>
      </value>
      <condition>
        <and>
          <marker id="Rules_uifcadditional_doc/1/2">
            <not>
              <attribute attr-id="proxy_s007_01" />
            </not>
          </marker>
          <marker id="Rules_uifcadditional_doc/1/3">
            <not>
              <attribute attr-id="b6@Rules_uifcadditional_doc" />
            </not>
          </marker>
        </and>
      </condition>
      <otherwise>
        <marker id="Rules_uifcadditional_doc/1/4" condition="false">
          <false-value />
        </marker>
      </otherwise>
    </conclude>
    <conclude attr-id="b7@Rules_uifcadditional_doc" entity-id="global" scope-id="global0">
      <value>
        <marker id="Rules_uifcadditional_doc/2/1" condition="false">
          <true-value />
        </marker>
      </value>
      <condition>
        <or>
          <marker id="Rules_uifcadditional_doc/2/2">
            <attribute attr-id="proxy_s003_03" />
          </marker>
          <marker id="Rules_uifcadditional_doc/2/3">
            <attribute attr-id="b9@Rules_uifcadditional_doc" />
          </marker>
          <marker id="Rules_uifcadditional_doc/2/4">
            <attribute attr-id="proxy_s005_01" />
          </marker>
        </or>
      </condition>
      <otherwise>
        <marker id="Rules_uifcadditional_doc/2/5" condition="false">
          <false-value />
        </marker>
      </otherwise>
    </conclude>
    <conclude attr-id="b11@Rules_uifcadditional_doc" entity-id="global" scope-id="global0">
      <value>
        <marker id="Rules_uifcadditional_doc/3/1" condition="false">
          <true-value />
        </marker>
      </value>
      <condition>
        <marker id="Rules_uifcadditional_doc/3/2">
          <starts-with>
            <attribute attr-id="proxy_s011_01" />
            <string-value>Dir</string-value>
          </starts-with>
        </marker>
      </condition>
      <otherwise>
        <marker id="Rules_uifcadditional_doc/3/3" condition="false">
          <false-value />
        </marker>
      </otherwise>
    </conclude>
    <conclude attr-id="b12@Rules_uifcadditional_doc" entity-id="global" scope-id="global0">
      <value>
        <marker id="Rules_uifcadditional_doc/4/1" condition="false">
          <true-value />
        </marker>
      </value>
      <condition>
        <or>
          <marker id="Rules_uifcadditional_doc/4/2">
            <attribute attr-id="proxy_012_01" />
          </marker>
          <marker id="Rules_uifcadditional_doc/4/3">
            <attribute attr-id="proxy_s012_02" />
          </marker>
        </or>
      </condition>
      <otherwise>
        <marker id="Rules_uifcadditional_doc/4/4" condition="false">
          <false-value />
        </marker>
      </otherwise>
    </conclude>
    <conclude attr-id="b15@Rules_uifcadditional_doc" entity-id="global" scope-id="global0">
      <value>
        <marker id="Rules_uifcadditional_doc/5/1" condition="false">
          <true-value />
        </marker>
      </value>
      <condition>
        <marker id="Rules_uifcadditional_doc/5/2">
          <starts-with>
            <attribute attr-id="fc_s012_01" />
            <string-value>Quit</string-value>
          </starts-with>
        </marker>
      </condition>
      <otherwise>
        <marker id="Rules_uifcadditional_doc/5/3" condition="false">
          <false-value />
        </marker>
      </otherwise>
    </conclude>
    <conclude attr-id="fpr_claimant_has_alien_nbr" entity-id="global" scope-id="global0">
      <value>
        <marker id="Rules_uifcadditional_doc/6/1" condition="false">
          <true-value />
        </marker>
      </value>
      <condition>
        <marker id="Rules_uifcadditional_doc/6/2">
          <attribute attr-id="b18@Rules_uifcadditional_doc" />
        </marker>
      </condition>
      <otherwise>
        <marker id="Rules_uifcadditional_doc/6/3" condition="false">
          <false-value />
        </marker>
      </otherwise>
    </conclude>
    <conclude attr-id="b19@Rules_uifcadditional_doc" entity-id="global" scope-id="global0">
      <value>
        <marker id="Rules_uifcadditional_doc/7/1" condition="false">
          <true-value />
        </marker>
      </value>
      <condition>
        <marker id="Rules_uifcadditional_doc/7/2">
          <attribute attr-id="b20@Rules_uifcadditional_doc" />
        </marker>
      </condition>
      <otherwise>
        <marker id="Rules_uifcadditional_doc/7/3" condition="false">
          <false-value />
        </marker>
      </otherwise>
    </conclude>
    <conclude attr-id="b21@Rules_uifcadditional_doc" entity-id="global" scope-id="global0">
      <value>
        <marker id="Rules_uifcadditional_doc/8/1" condition="false">
          <true-value />
        </marker>
      </value>
      <condition>
        <marker id="Rules_uifcadditional_doc/8/2">
          <attribute attr-id="b22@Rules_uifcadditional_doc" />
        </marker>
      </condition>
      <otherwise>
        <marker id="Rules_uifcadditional_doc/8/3" condition="false">
          <false-value />
        </marker>
      </otherwise>
    </conclude>
    <conclude attr-id="b23@Rules_uifcadditional_doc" entity-id="global" scope-id="global0">
      <value>
        <marker id="Rules_uifcadditional_doc/9/1" condition="false">
          <true-value />
        </marker>
      </value>
      <condition>
        <marker id="Rules_uifcadditional_doc/9/2">
          <attribute attr-id="b24@Rules_uifcadditional_doc" />
        </marker>
      </condition>
      <otherwise>
        <marker id="Rules_uifcadditional_doc/9/3" condition="false">
          <false-value />
        </marker>
      </otherwise>
    </conclude>
    <conclude attr-id="b25@Rules_uifcadditional_doc" entity-id="global" scope-id="global0">
      <value>
        <marker id="Rules_uifcadditional_doc/10/1" condition="false">
          <true-value />
        </marker>
      </value>
      <condition>
        <marker id="Rules_uifcadditional_doc/10/2">
          <attribute attr-id="b26@Rules_uifcadditional_doc" />
        </marker>
      </condition>
      <otherwise>
        <marker id="Rules_uifcadditional_doc/10/3" condition="false">
          <false-value />
        </marker>
      </otherwise>
    </conclude>
    <conclude attr-id="b27@Rules_uifcadditional_doc" entity-id="global" scope-id="global0">
      <value>
        <marker id="Rules_uifcadditional_doc/11/1" condition="false">
          <true-value />
        </marker>
      </value>
      <condition>
        <marker id="Rules_uifcadditional_doc/11/2">
          <attribute attr-id="b28@Rules_uifcadditional_doc" />
        </marker>
      </condition>
      <otherwise>
        <marker id="Rules_uifcadditional_doc/11/3" condition="false">
          <false-value />
        </marker>
      </otherwise>
    </conclude>
    <conclude attr-id="b29@Rules_uifcadditional_doc" entity-id="global" scope-id="global0">
      <value>
        <marker id="Rules_uifcadditional_doc/12/1" condition="false">
          <true-value />
        </marker>
      </value>
      <condition>
        <marker id="Rules_uifcadditional_doc/12/2">
          <attribute attr-id="b30@Rules_uifcadditional_doc" />
        </marker>
      </condition>
      <otherwise>
        <marker id="Rules_uifcadditional_doc/12/3" condition="false">
          <false-value />
        </marker>
      </otherwise>
    </conclude>
    <conclude attr-id="b31@Rules_uifcadditional_doc" entity-id="global" scope-id="global0">
      <value>
        <marker id="Rules_uifcadditional_doc/13/1" condition="false">
          <true-value />
        </marker>
      </value>
      <condition>
        <marker id="Rules_uifcadditional_doc/13/2">
          <attribute attr-id="b32@Rules_uifcadditional_doc" />
        </marker>
      </condition>
      <otherwise>
        <marker id="Rules_uifcadditional_doc/13/3" condition="false">
          <false-value />
        </marker>
      </otherwise>
    </conclude>
    <conclude attr-id="b35@Rules_uifcadditional_doc" entity-id="global" scope-id="global0">
      <value>
        <marker id="Rules_uifcadditional_doc/14/1" condition="false">
          <true-value />
        </marker>
      </value>
      <condition>
        <marker id="Rules_uifcadditional_doc/14/2">
          <starts-with>
            <attribute attr-id="proxy_s009_04" />
            <string-value>KY</string-value>
          </starts-with>
        </marker>
      </condition>
      <otherwise>
        <marker id="Rules_uifcadditional_doc/14/3" condition="false">
          <false-value />
        </marker>
      </otherwise>
    </conclude>
    <conclude attr-id="b36@Rules_uifcadditional_doc" entity-id="global" scope-id="global0">
      <value>
        <marker id="Rules_uifcadditional_doc/15/1" condition="false">
          <true-value />
        </marker>
      </value>
      <condition>
        <marker id="Rules_uifcadditional_doc/15/2">
          <starts-with>
            <attribute attr-id="proxy_s008_04" />
            <string-value>KY</string-value>
          </starts-with>
        </marker>
      </condition>
      <otherwise>
        <marker id="Rules_uifcadditional_doc/15/3" condition="false">
          <false-value />
        </marker>
      </otherwise>
    </conclude>
    <conclude attr-id="b37@Rules_uifcadditional_doc" entity-id="global" scope-id="global0">
      <value>
        <marker id="Rules_uifcadditional_doc/16/1" condition="false">
          <true-value />
        </marker>
      </value>
      <condition>
        <and>
          <marker id="Rules_uifcadditional_doc/16/2">
            <not>
              <attribute attr-id="fc_s002_01" />
            </not>
          </marker>
          <marker id="Rules_uifcadditional_doc/16/3">
            <not>
              <attribute attr-id="fc_s002_02" />
            </not>
          </marker>
        </and>
      </condition>
      <otherwise>
        <marker id="Rules_uifcadditional_doc/16/4" condition="false">
          <false-value />
        </marker>
      </otherwise>
    </conclude>
  </rules>
</rulebase>