<?xml version="1.0" encoding="utf-8"?>
<rulebase product-version="10.4.1.60" region="en-US">
  <entity text="Global" name="global" singleton="true">
    <attribute name="b1@Rules_KentuckyIsNotLiable_doc" type="Boolean" />
    <attribute name="b4@Rules_KentuckyIsNotLiable_doc" type="Boolean" />
    <attribute name="b5@Rules_KentuckyIsNotLiable_doc" type="Boolean" />
    <attribute name="b4@Rules_NSQnA_doc" type="Boolean" />
    <attribute name="b5@Rules_NSQnA_doc" type="Boolean" />
    <attribute name="b6@Rules_NSQnA_doc" type="Boolean" />
    <attribute name="b7@Rules_NSQnA_doc" type="Boolean" />
    <attribute name="b8@Rules_NSQnA_doc" type="Boolean" />
    <attribute name="b9@Rules_NSQnA_doc" type="Boolean" />
    <attribute name="fc_mental_start" type="Date" />
    <attribute name="fc_mental_end" type="Date" />
    <attribute name="fc_physical_start" type="Date" />
    <attribute name="fc_physical_end" type="Date" />
    <attribute name="i_gender" type="Text" />
    <attribute name="i_home_phone" type="Text" />
    <attribute name="i_ethnicity" type="Text" />
    <attribute name="i_race" type="Text" />
    <attribute name="i_disability" type="Boolean" />
    <attribute name="i_email" type="Text" />
    <attribute name="i_claimant_birthday" type="Date" />
    <attribute name="i_alias" type="Text" />
    <attribute name="i_in_kentucky_filing" type="Boolean" />
    <attribute name="i_federal_tax" type="Boolean" />
    <attribute name="i_state_tax" type="Boolean" />
    <attribute name="i_pension_benifit" type="Boolean" />
    <attribute name="i_workers_comp" type="Boolean" />
    <attribute name="i_us_citizen" type="Boolean" />
    <attribute name="i_legal_alien" type="Boolean" />
    <attribute name="i_spouse_of_citizen" type="Boolean" />
    <attribute name="i_spouse_legal_alien" type="Boolean" />
    <attribute name="i_payment_method" type="Text" />
    <attribute name="i_armed_forces" type="Boolean" />
    <attribute name="i_postal" type="Boolean" />
    <attribute name="i_federal" type="Boolean" />
    <attribute name="i_union_member" type="Boolean" />
    <attribute name="i_union_work" type="Boolean" />
    <attribute name="i_work_in_other_state" type="Boolean" />
    <attribute name="i_access_pam" type="Text" />
    <attribute name="i_understand" type="Text" />
    <attribute name="i_understand_waiting" type="Text" />
    <attribute name="i_base_start" type="Date" />
    <attribute name="i_base_end" type="Date" />
    <attribute name="i_cell_phone" type="Text" />
    <attribute name="i_first_name" type="Text" />
    <attribute name="i_last_name" type="Text" />
    <attribute name="i_medical_restriction" type="Boolean" />
    <attribute name="i_mental_restriction" type="Boolean" />
    <attribute name="i_work_in_usual_profession" type="Boolean" />
    <attribute name="fpr_working_zero_hours" type="Boolean" imported="true" />
    <attribute name="fpr_has_medical_restriction" type="Boolean" imported="true" />
    <attribute name="fpr_recall_date_in_twelve" type="Boolean" imported="true" />
    <attribute name="fpr_employed_to_med_restrict" type="Boolean" imported="true" />
    <attribute name="fpr_working_1_to_29" type="Boolean" imported="true" />
    <attribute name="fpr_is_employed" type="Boolean" imported="true" />
    <attribute name="fpr_considered_full_time" type="Boolean" imported="true" />
    <attribute name="claimant_recall_from_layoff" type="Boolean" imported="true" />
    <attribute name="fpr_leave_of_absence_ok" type="Boolean" imported="true" />
    <attribute name="fpr_layoff_temporary" type="Boolean" imported="true" />
    <attribute name="employer_separation" type="Boolean" imported="true" />
    <attribute name="fpr_terminated_misconduct" type="Boolean" imported="true" />
    <attribute name="fpr_layoff_due_to_actions" type="Boolean" imported="true" />
    <attribute name="fpr_always_less_than_full" type="Boolean" imported="true" />
    <attribute name="fpr_working_for_employer" type="Boolean" imported="true" />
    <attribute name="i_claimant_at_fault_for_sep" type="Boolean" imported="true" />
    <attribute name="fpr_requested_reduction" type="Boolean" imported="true" />
    <attribute name="i_claimant_has_quit" type="Boolean" imported="true" />
    <attribute name="fpr_took_alternative_action" type="Boolean" imported="true" />
    <attribute name="fpr_reason_attr_employ" type="Boolean" imported="true" />
    <attribute name="fpr_employer_breached_yes" type="Boolean" imported="true" />
    <attribute name="terminated_employment" type="Boolean" imported="true" />
    <attribute name="fpr_bad_effect_on_empl" type="Boolean" imported="true" />
    <attribute name="fpr_unsatisfactory_work" type="Boolean" imported="true" />
    <attribute name="fpr_inefficient" type="Boolean" imported="true" />
    <attribute name="fpr_has_shown_capacity" type="Boolean" imported="true" />
    <attribute name="fpr_demo_standard_ability" type="Boolean" imported="true" />
    <attribute name="fpr_inadvertent" type="Boolean" imported="true" />
    <attribute name="fpr_insist_ord_negligence" type="Boolean" imported="true" />
    <attribute name="fpr_good_faith_error" type="Boolean" imported="true" />
    <attribute name="fpr_violated_standards" type="Boolean" imported="true" />
    <attribute name="fpr_bad_attitude" type="Boolean" imported="true" />
    <attribute name="fpr_dishonest" type="Boolean" imported="true" />
    <attribute name="fpr_theft" type="Boolean" imported="true" />
    <attribute name="fpr_intentional" type="Boolean" imported="true" />
    <attribute name="fpr_careless" type="Boolean" imported="true" />
    <attribute name="fpr_disregard_duty" type="Boolean" imported="true" />
    <attribute name="fpr_disregard_procedures" type="Boolean" imported="true" />
    <attribute name="fpr_misconduct" type="Boolean" imported="true" />
    <attribute name="fpr_meets_emp_standard" type="Boolean" imported="true" />
    <attribute name="fpr_advanced_warning_given" type="Boolean" imported="true" />
    <attribute name="cite_fpr_341_370_6" type="Boolean" imported="true" />
    <attribute name="fpr_falsified_app" type="Boolean" imported="true" />
    <attribute name="fpr_willfully_violated_rule" type="Boolean" imported="true" />
    <attribute name="fpr_bad_attendance" type="Boolean" imported="true" />
    <attribute name="fpr_property_damage" type="Boolean" imported="true" />
    <attribute name="fpr_refused_to_obey" type="Boolean" imported="true" />
    <attribute name="fpr_conduct_endangerment" type="Boolean" imported="true" />
    <attribute name="fpr_in_jail_4_5" type="Boolean" imported="true" />
    <attribute name="fpr_alcohol_drugs_on_arrival" type="Boolean" imported="true" />
    <attribute name="fpr_alcohol_drugs_onsite" type="Boolean" imported="true" />
    <attribute name="fpr_nmr_concur_mrw" type="Boolean" imported="true" />
    <attribute name="fpr_left_100_miles" type="Boolean" imported="true" />
    <attribute name="fpr_job_offer_accepted" type="Boolean" imported="true" />
    <attribute name="fpr_spouse_reassigned_mil" type="Boolean" imported="true" />
    <attribute name="fpr_spouse_statute_simiar" type="Boolean" imported="true" />
    <attribute name="fpr_had_good_cause" type="Boolean" imported="true" />
    <attribute name="fpr_within_industry_standard" type="Boolean" imported="true" />
    <attribute name="fpr_took_action" type="Boolean" imported="true" />
    <attribute name="fpr_employer_work_reduction" type="Boolean" imported="true" />
    <attribute name="fpr_layoff_eminent_goal_nm" type="Boolean" imported="true" />
    <attribute name="fpr_incentive_package" type="Boolean" imported="true" />
    <attribute name="fpr_illness_injury" type="Boolean" imported="true" />
    <attribute name="fpr_no_work_for_dim" type="Boolean" imported="true" />
    <attribute name="fpr_has_health_restriction" type="Boolean" imported="true" />
    <attribute name="fpr_health_work_related" type="Boolean" imported="true" />
    <attribute name="fpr_reason_employ_emplee" type="Boolean" imported="true" />
    <attribute name="fpr_had_work_available" type="Boolean" imported="true" />
    <attribute name="fpr_employer_provide_docs" type="Boolean" imported="true" />
    <attribute name="fpr_witness_to_misconduct" type="Boolean" imported="true" />
    <attribute name="fpr_emp_knows_policy" type="Boolean" imported="true" />
    <attribute name="fpr_policy_enforced" type="Boolean" imported="true" />
    <attribute name="fpr_retire_pursuant_plan" type="Boolean" imported="true" />
    <attribute name="fpr_plan_has_ret_benefits" type="Boolean" imported="true" />
    <attribute name="fpr_retire_age_agreed" type="Boolean" imported="true" />
    <attribute name="fpr_accept_mand_ret_age" type="Boolean" imported="true" />
    <attribute name="fpr_at_agreed_retirement_age" type="Boolean" imported="true" />
    <attribute name="fpr_notified_about_jeopardy" type="Boolean" imported="true" />
    <attribute name="fpr_employer_has_weight" type="Boolean" imported="true" />
    <attribute name="fpr_retired" type="Boolean" imported="true" />
    <attribute name="fpr_employer_made_protest" type="Boolean" imported="true" />
    <attribute name="fpr_less_than_full_from_doh" type="Boolean" imported="true" />
    <attribute name="fpr_disqualified" type="Boolean" imported="true" />
    <attribute name="fpr_employer_has_reserve" type="Boolean" imported="true" />
    <attribute name="fpr_empl_is_not_for_profit" type="Boolean" imported="true" />
    <attribute name="fpr_employer_is_a_gov" type="Boolean" imported="true" />
    <attribute name="fpr_employ_has_acct_in_ky" type="Boolean" imported="true" />
    <attribute name="fpr_employer_is_ten_week" type="Boolean" imported="true" />
    <attribute name="fpr_employer_is_a_fed" type="Boolean" imported="true" />
    <attribute name="fpr_had_fed_wages" type="Boolean" imported="true" />
    <attribute name="fpr_current_is_eb" type="Boolean" imported="true" />
    <attribute name="fpr_employer_is_chargeable" type="Boolean" imported="true" />
    <attribute name="fpr_school_has_classes" type="Boolean" imported="true" />
    <attribute name="fpr_school_is_licensed" type="Boolean" imported="true" />
    <attribute name="fpr_study_good_for_gain" type="Boolean" imported="true" />
    <attribute name="fpr_has_educational_wages" type="Boolean" imported="true" />
    <attribute name="fpr_return_after_break" type="Boolean" imported="true" />
    <attribute name="fpr_return_like_position" type="Boolean" imported="true" />
    <attribute name="fpr_school_wages_removed" type="Boolean" imported="true" />
    <attribute name="fpr_same_work_next_season" type="Boolean" imported="true" />
    <attribute name="fpr_return_next_season" type="Boolean" imported="true" />
    <attribute name="fpr_paid_athletic_participant" type="Boolean" imported="true" />
    <attribute name="fpr_paid_athletic_trainer" type="Boolean" imported="true" />
    <attribute name="fpr_claimant_is_payable" type="Boolean" imported="true" />
    <attribute name="fpr_monetarily_eligible" type="Boolean" imported="true" />
    <attribute name="fpr_physically_able_to_work" type="Boolean" imported="true" />
    <attribute name="fpr_mentally_able" type="Boolean" imported="true" />
    <attribute name="fpr_available_for_work" type="Boolean" imported="true" />
    <attribute name="fpr_no_ride_no_search" type="Boolean" imported="true" />
    <attribute name="fpr_no_ride_no_accept" type="Boolean" imported="true" />
    <attribute name="fpr_looking_for_work" type="Boolean" imported="true" />
    <attribute name="fpr_claimant_wants_job" type="Boolean" imported="true" />
    <attribute name="fpr_has_mental_restriction" type="Boolean" imported="true" />
    <attribute name="fpr_mental_prevents_work" type="Boolean" imported="true" />
    <attribute name="fpr_has_physical_restriction" type="Boolean" imported="true" />
    <attribute name="fpr_physical_prevents_work" type="Boolean" imported="true" />
    <attribute name="fpr_alternate_transportation" type="Boolean" imported="true" />
    <attribute name="fpr_is_an_apprentice" type="Boolean" imported="true" />
    <attribute name="fpr_school_prevents_search" type="Boolean" imported="true" />
    <attribute name="fpr_school_prevents_work" type="Boolean" imported="true" />
    <attribute name="fpr_tra_approved" type="Boolean" imported="true" />
    <attribute name="fpr_is_in_school" type="Boolean" imported="true" />
    <attribute name="fpr_se_restricts_available" type="Boolean" imported="true" />
    <attribute name="fpr_self_employed" type="Boolean" imported="true" />
    <attribute name="fpr_on_commission_basis" type="Boolean" imported="true" />
    <attribute name="fpr_se_prevents_search" type="Boolean" imported="true" />
    <attribute name="fpr_se_prevents_accept" type="Boolean" imported="true" />
    <attribute name="fpr_is_incarcerated" type="Boolean" imported="true" />
    <attribute name="fpr_jail_no_search" type="Boolean" imported="true" />
    <attribute name="fpr_jail_no_accept" type="Boolean" imported="true" />
    <attribute name="fpr_caregiver" type="Boolean" imported="true" />
    <attribute name="fpr_alternate_dep_care" type="Boolean" imported="true" />
    <attribute name="fpr_caregiver_prevent_search" type="Boolean" imported="true" />
    <attribute name="fpr_caregiver_prevent_obtain" type="Boolean" imported="true" />
    <attribute name="fpr_is_corporate_officer" type="Boolean" imported="true" />
    <attribute name="fpr_on_strike" type="Boolean" imported="true" />
    <attribute name="fpr_employer_lockout" type="Boolean" imported="true" />
    <attribute name="fpr_lawful_res_at_work_time" type="Boolean" imported="true" />
    <attribute name="fpr_lawful_present_for_work" type="Boolean" imported="true" />
    <attribute name="fpr_res_in_us_under_color" type="Boolean" imported="true" />
    <attribute name="fpr_lawful_in_us_ina" type="Boolean" imported="true" />
    <attribute name="fpr_is_us_citizen" type="Boolean" imported="true" />
    <attribute name="fpr_has_valid_alien_number" type="Boolean" imported="true" />
    <attribute name="fpr_work_involves_risk" type="Boolean" imported="true" />
    <attribute name="fpr_risk_involved_health" type="Boolean" imported="true" />
    <attribute name="fpr_physically_unfit_for_work" type="Boolean" imported="true" />
    <attribute name="fpr_prior_train_useless" type="Boolean" imported="true" />
    <attribute name="fpr_experience_comp" type="Boolean" imported="true" />
    <attribute name="fpr_comparable_wages" type="Boolean" imported="true" />
    <attribute name="fpr_secretary_pertinent" type="Boolean" imported="true" />
    <attribute name="fpr_vacant_via_dispute" type="Boolean" imported="true" />
    <attribute name="fpr_bad_prevailing_work" type="Boolean" imported="true" />
    <attribute name="fpr_join_union_or_resign" type="Boolean" imported="true" />
    <attribute name="fpr_prejudice_relationship" type="Boolean" imported="true" />
    <attribute name="fpr_length_nowork_consider" type="Boolean" imported="true" />
    <attribute name="fpr_secure_customary_work" type="Boolean" imported="true" />
    <attribute name="fpr_commute_is_ok" type="Boolean" imported="true" />
    <attribute name="fpr_work_is_suitable" type="Boolean" imported="true" />
    <attribute name="fpr_offered_bonafide_work" type="Boolean" imported="true" />
    <attribute name="fpr_receives_pension" type="Boolean" imported="true" />
    <attribute name="fpr_sole_contributor" type="Boolean" imported="true" />
    <attribute name="fpr_employer_in_base" type="Boolean" imported="true" />
    <attribute name="fpr_railroad_payed" type="Boolean" imported="true" />
    <attribute name="fpr_lieu_wages_contracted" type="Boolean" imported="true" />
    <attribute name="fpr_advanced_notice_given" type="Boolean" imported="true" />
    <attribute name="fpr_paid_for_short_notice" type="Boolean" imported="true" />
    <attribute name="fpr_employer_force_vacation" type="Boolean" imported="true" />
    <attribute name="fpr_vacation_during_claim" type="Boolean" imported="true" />
    <attribute name="fpr_received_warn" type="Boolean" imported="true" />
    <attribute name="fpr_wages_rptd_benefit_wk" type="Boolean" imported="true" />
    <attribute name="fpr_due_vacation_pay" type="Boolean" imported="true" />
    <attribute name="fpr_vacation_prior_to_sep" type="Boolean" imported="true" />
    <attribute name="fpr_earned_mil_reserve_pay" type="Boolean" imported="true" />
    <attribute name="g_claimant_unemployed" type="Boolean" imported="true" />
    <attribute name="g_may_receive_benefits" type="Boolean" imported="true" />
    <attribute name="fpr_under_krs_341_370" type="Boolean" imported="true" />
    <attribute name="fpr_no_emp_disregard" type="Boolean" imported="true" />
    <attribute name="fpr_in_labor_dispute" type="Boolean" imported="true" />
    <attribute name="fpr_employer_breached_no" type="Boolean" imported="true" />
    <attribute name="fpr_pursued_alternatives" type="Boolean" imported="true" />
    <attribute name="fpr_no_income_is_ded" type="Boolean" imported="true" />
    <attribute name="fpr_effective_date_of_claim" type="Date" imported="true" />
    <attribute name="fpr_effective_date_initial_claim" type="Currency" imported="true" />
    <attribute name="fpr_benefit_year_end_dt" type="DateTime" imported="true" />
    <attribute name="fpr_sunday_preceding_curr_date" type="Date" imported="true" />
    <attribute name="idmr_bye_expired" type="Boolean" imported="true" />
    <attribute name="idmr_claimant_age_in_years" type="Number" imported="true" />
    <attribute name="idmr_claimant_dob" type="Date" imported="true" />
    <attribute name="idmr_byed" type="Date" imported="true" />
    <attribute name="EmailAddress" type="Text" imported="true" />
    <attribute name="FirstName" type="Text" imported="true" />
    <attribute name="HomePhoneNumber" type="Text" imported="true" />
    <attribute name="LastName" type="Text" imported="true" />
    <attribute name="SSN" type="Text" imported="true" />
  </entity>
  <entity text="the claim" name="kewesrdebenefitclaim" singleton="false" imported="true">
    <attribute name="kewesrdebenefitclaim_BYEDate" type="Date" imported="true" />
    <attribute name="kewesrdebenefitclaim_ARFlag" type="Text" imported="true" />
    <attribute name="kewesrdebenefitclaim_BClaimantFlag" type="Text" imported="true" />
    <attribute name="kewesrdebenefitclaim_BasePeriod" type="Text" imported="true" />
    <attribute name="kewesrdebenefitclaim_BasePeriodEndDate" type="Date" imported="true" />
    <attribute name="kewesrdebenefitclaim_BasePeriodStartDate" type="Date" imported="true" />
    <attribute name="kewesrdebenefitclaim_ClaimStatus" type="Text" imported="true" />
    <attribute name="kewesrdebenefitclaim_ClaimType" type="Text" imported="true" />
    <attribute name="kewesrdebenefitclaim_EUCEndDate" type="Date" imported="true" />
    <attribute name="kewesrdebenefitclaim_FIPSCode" type="Text" imported="true" />
    <attribute name="kewesrdebenefitclaim_FileDate" type="Date" imported="true" />
    <attribute name="kewesrdebenefitclaim_InterviewDate" type="Date" imported="true" />
    <attribute name="kewesrdebenefitclaim_LocalOffice" type="Text" imported="true" />
  </entity>
  <entity text="the issue" name="action" singleton="false" imported="true">
    <attribute name="action_ActivityCategory" type="Text" imported="true" />
    <attribute name="action_ActivityUID" type="Text" imported="true" />
    <attribute name="action_HistoryCategory" type="Text" imported="true" />
    <attribute name="action_Type" type="Text" imported="true" />
  </entity>
  <relationship imported="true" relationship-id="global2claim" relationship-text="kewesrd ebenefit claims" reverse-relationship-id="claim2global" source="global" target="kewesrdebenefitclaim" type="OneToMany" is-containment="true" />
  <relationship imported="true" relationship-id="claim2action" relationship-text="the actions" reverse-relationship-id="action2claim" source="kewesrdebenefitclaim" target="action" type="OneToMany" is-containment="true" />
  <rules module="ky_ui_fc:C5704CD37B60B5F4128DD3AC60E6F350">
    <conclude attr-id="b1@Rules_KentuckyIsNotLiable_doc" entity-id="global" scope-id="global0">
      <value>
        <marker id="Rules_KentuckyIsNotLiable_doc/0/1" condition="false">
          <true-value />
        </marker>
      </value>
      <condition>
        <and>
          <marker id="Rules_KentuckyIsNotLiable_doc/0/2">
            <attribute attr-id="b4@Rules_KentuckyIsNotLiable_doc" />
          </marker>
          <marker id="Rules_KentuckyIsNotLiable_doc/0/3">
            <not>
              <attribute attr-id="b5@Rules_KentuckyIsNotLiable_doc" />
            </not>
          </marker>
        </and>
      </condition>
      <otherwise>
        <marker id="Rules_KentuckyIsNotLiable_doc/0/4" condition="false">
          <false-value />
        </marker>
      </otherwise>
    </conclude>
    <conclude attr-id="b4@Rules_NSQnA_doc" entity-id="global" scope-id="global0">
      <value>
        <marker id="Rules_NSQnA_doc/0/1" condition="false">
          <true-value />
        </marker>
      </value>
      <condition>
        <and>
          <marker id="Rules_NSQnA_doc/0/2">
            <less-than-equals>
              <attribute attr-id="fc_mental_start" />
              <current-date />
            </less-than-equals>
          </marker>
          <marker id="Rules_NSQnA_doc/0/3">
            <not>
              <attribute attr-id="b5@Rules_NSQnA_doc" />
            </not>
          </marker>
        </and>
      </condition>
      <otherwise>
        <marker id="Rules_NSQnA_doc/0/4" condition="false">
          <false-value />
        </marker>
      </otherwise>
    </conclude>
    <conclude attr-id="b5@Rules_NSQnA_doc" entity-id="global" scope-id="global0">
      <value>
        <marker id="Rules_NSQnA_doc/1/1" condition="false">
          <false-value />
        </marker>
      </value>
      <condition>
        <or>
          <marker id="Rules_NSQnA_doc/1/2">
            <unknown>
              <attribute attr-id="fc_mental_end" />
            </unknown>
          </marker>
          <marker id="Rules_NSQnA_doc/1/3">
            <greater-than>
              <attribute attr-id="fc_mental_end" />
              <current-date />
            </greater-than>
          </marker>
        </or>
      </condition>
      <otherwise>
        <marker id="Rules_NSQnA_doc/1/4" condition="false">
          <true-value />
        </marker>
      </otherwise>
    </conclude>
    <conclude attr-id="b6@Rules_NSQnA_doc" entity-id="global" scope-id="global0">
      <value>
        <marker id="Rules_NSQnA_doc/2/1" condition="false">
          <true-value />
        </marker>
      </value>
    </conclude>
    <conclude attr-id="b7@Rules_NSQnA_doc" entity-id="global" scope-id="global0">
      <value>
        <marker id="Rules_NSQnA_doc/3/1" condition="false">
          <true-value />
        </marker>
      </value>
      <condition>
        <and>
          <marker id="Rules_NSQnA_doc/3/2">
            <less-than-equals>
              <attribute attr-id="fc_physical_start" />
              <current-date />
            </less-than-equals>
          </marker>
          <marker id="Rules_NSQnA_doc/3/3">
            <not>
              <attribute attr-id="b8@Rules_NSQnA_doc" />
            </not>
          </marker>
        </and>
      </condition>
      <otherwise>
        <marker id="Rules_NSQnA_doc/3/4" condition="false">
          <false-value />
        </marker>
      </otherwise>
    </conclude>
    <conclude attr-id="b8@Rules_NSQnA_doc" entity-id="global" scope-id="global0">
      <value>
        <marker id="Rules_NSQnA_doc/4/1" condition="false">
          <false-value />
        </marker>
      </value>
      <condition>
        <or>
          <marker id="Rules_NSQnA_doc/4/2">
            <unknown>
              <attribute attr-id="fc_physical_end" />
            </unknown>
          </marker>
          <marker id="Rules_NSQnA_doc/4/3">
            <greater-than>
              <attribute attr-id="fc_physical_end" />
              <current-date />
            </greater-than>
          </marker>
        </or>
      </condition>
      <otherwise>
        <marker id="Rules_NSQnA_doc/4/4" condition="false">
          <true-value />
        </marker>
      </otherwise>
    </conclude>
    <conclude attr-id="b9@Rules_NSQnA_doc" entity-id="global" scope-id="global0">
      <value>
        <marker id="Rules_NSQnA_doc/5/1" condition="false">
          <true-value />
        </marker>
      </value>
    </conclude>
  </rules>
</rulebase>