<?xml version="1.0" encoding="utf-8"?>
<rulebase product-version="10.4.0.1" region="en-US">
  <entity text="Global" name="global" singleton="true">
    <attribute name="FirstName" type="Text" />
    <attribute name="LastName" type="Text" />
    <attribute name="UserValid" type="Boolean" />
    <attribute name="ValidityText" type="Text" />
    <attribute name="Created" type="DateTime" />
    <attribute name="UserId" type="Text" />
    <attribute name="Id" type="Text" />
    <attribute name="ApprovalExchangeDate" type="Date" />
    <attribute name="Alias" type="Text" />
  </entity>
  <rules module="AdminSmokeTestIO:2F4897CCC1B7B681F6F7AB1BA9481799">
    <table-conclude attr-id="ValidityText" entity-id="global" scope-id="global0">
      <row>
        <value>
          <marker id="Rules_NewWordDocument_doc/0/1" condition="false">
            <string-value>The current record is a valid Siebel Admin record</string-value>
          </marker>
        </value>
        <condition>
          <marker id="Rules_NewWordDocument_doc/0/2">
            <attribute attr-id="UserValid" />
          </marker>
        </condition>
      </row>
      <otherwise>
        <marker id="Rules_NewWordDocument_doc/0/3" condition="false">
          <string-value>The current record is NOT a valid Siebel Admin record</string-value>
        </marker>
      </otherwise>
    </table-conclude>
    <conclude attr-id="UserValid" entity-id="global" scope-id="global0">
      <value>
        <marker id="Rules_NewWordDocument_doc/1/1" condition="false">
          <true-value />
        </marker>
      </value>
      <condition>
        <and>
          <marker id="Rules_NewWordDocument_doc/1/2">
            <equals>
              <attribute attr-id="FirstName" />
              <string-value>Siebel</string-value>
            </equals>
          </marker>
          <marker id="Rules_NewWordDocument_doc/1/3">
            <equals>
              <attribute attr-id="LastName" />
              <string-value>Administrator</string-value>
            </equals>
          </marker>
          <marker id="Rules_NewWordDocument_doc/1/4">
            <equals>
              <attribute attr-id="UserId" />
              <string-value>SADMIN</string-value>
            </equals>
          </marker>
        </and>
      </condition>
      <otherwise>
        <marker id="Rules_NewWordDocument_doc/1/5" condition="false">
          <false-value />
        </marker>
      </otherwise>
    </conclude>
  </rules>
</rulebase>