<?xml version="1.0" encoding="utf-8"?>
<rulebase product-version="10.4.0.1" region="en-US">
  <entity text="Global" name="global" singleton="true">
    <attribute name="user_valid" type="Boolean" />
    <attribute name="firstname" type="Text" />
    <attribute name="lastname" type="Text" />
    <attribute name="userid" type="Text" />
    <attribute name="validity_text" type="Text" />
    <attribute name="created" type="DateTime" />
  </entity>
  <rules module="AdminSmokeTest:D29097177EA980F4C79EB24B09601301">
    <table-conclude attr-id="validity_text" entity-id="global" scope-id="global0">
      <row>
        <value>
          <marker id="Rules_NewWordDocument_doc/0/1" condition="false">
            <string-value>The current record is a valid Siebel Admin record</string-value>
          </marker>
        </value>
        <condition>
          <marker id="Rules_NewWordDocument_doc/0/2">
            <attribute attr-id="user_valid" />
          </marker>
        </condition>
      </row>
      <otherwise>
        <marker id="Rules_NewWordDocument_doc/0/3" condition="false">
          <string-value>The current record is NOT a valid Siebel Admin record</string-value>
        </marker>
      </otherwise>
    </table-conclude>
    <conclude attr-id="user_valid" entity-id="global" scope-id="global0">
      <value>
        <marker id="Rules_NewWordDocument_doc/1/1" condition="false">
          <true-value />
        </marker>
      </value>
      <condition>
        <and>
          <marker id="Rules_NewWordDocument_doc/1/2">
            <equals>
              <attribute attr-id="firstname" />
              <string-value>Siebel</string-value>
            </equals>
          </marker>
          <marker id="Rules_NewWordDocument_doc/1/3">
            <equals>
              <attribute attr-id="lastname" />
              <string-value>Administrator</string-value>
            </equals>
          </marker>
          <marker id="Rules_NewWordDocument_doc/1/4">
            <equals>
              <attribute attr-id="userid" />
              <string-value>SADMIN</string-value>
            </equals>
          </marker>
        </and>
      </condition>
      <otherwise>
        <marker id="Rules_NewWordDocument_doc/1/5" condition="false">
          <false-value />
        </marker>
      </otherwise>
    </conclude>
  </rules>
</rulebase>