<?xml version="1.0" encoding="utf-8"?>
<rulebase product-version="10.4.1.60" region="en-US">
  <entity text="Global" name="global" singleton="true">
    <attribute name="si_bye_expired" type="Boolean" />
    <attribute name="b3@SI_IOTransform_doc" type="Boolean" />
    <attribute name="si_claimant_age_in_years" type="Number" />
    <attribute name="si_claimant_dob" type="Date" />
    <attribute name="si_most_recent_byed" type="Date" />
    <attribute name="si_processing_date" type="Date" />
    <attribute name="si_assert_processing_date" type="Date" />
    <attribute name="si_sunday_prior_filing" type="Date" />
    <attribute name="si_new_claim_byed" type="Date" />
    <attribute name="si_byed" type="Date" />
    <attribute name="EmailAddress" type="Text" />
    <attribute name="FirstName" type="Text" />
    <attribute name="HomePhoneNumber" type="Text" />
    <attribute name="LastName" type="Text" />
    <attribute name="SSN" type="Text" />
  </entity>
  <entity text="the claim" name="kewesrdebenefitclaim" singleton="false">
    <attribute name="kewesrdebenefitclaim_BYEDate" type="Date" />
    <attribute name="kewesrdebenefitclaim_BClaimantFlag" type="Text" />
    <attribute name="kewesrdebenefitclaim_BasePeriod" type="Text" />
    <attribute name="kewesrdebenefitclaim_BasePeriodEndDate" type="Date" />
    <attribute name="kewesrdebenefitclaim_BasePeriodStartDate" type="Date" />
    <attribute name="kewesrdebenefitclaim_ClaimStatus" type="Text" />
    <attribute name="kewesrdebenefitclaim_ClaimType" type="Text" />
    <attribute name="kewesrdebenefitclaim_EUCEndDate" type="Date" />
    <attribute name="kewesrdebenefitclaim_FIPSCode" type="Text" />
    <attribute name="kewesrdebenefitclaim_FileDate" type="Date" />
    <attribute name="kewesrdebenefitclaim_InterviewDate" type="Date" />
    <attribute name="kewesrdebenefitclaim_LocalOffice" type="Text" />
  </entity>
  <entity text="the nod" name="nod" singleton="false" identifying-attribute-name="p9@Properties_sitrans_xsrc">
    <attribute name="p9@Properties_sitrans_xsrc" type="Text" />
  </entity>
  <entity text="the issue" name="action" singleton="false">
    <attribute name="action_ActivityCategory" type="Text" />
    <attribute name="action_ActivityUID" type="Text" />
    <attribute name="action_HistoryCategory" type="Text" />
    <attribute name="action_Type" type="Text" />
  </entity>
  <relationship relationship-id="allinstancesofthenod" relationship-text="all instances of the nod" reverse-relationship-id="global_allinstancesofthenod_rev" source="global" target="nod" type="OneToMany" is-containment="true" />
  <relationship relationship-id="global2claim" relationship-text="kewesrd ebenefit claims" reverse-relationship-id="claim2global" source="global" target="kewesrdebenefitclaim" type="OneToMany" is-containment="true" />
  <relationship relationship-id="claim2action" relationship-text="the actions" reverse-relationship-id="action2claim" source="kewesrdebenefitclaim" target="action" type="OneToMany" is-containment="true" />
  <rules module="si:42F8F80850C17D0FAB382AAFE98D24CA">
    <conclude attr-id="si_claimant_age_in_years" entity-id="global" scope-id="global0">
      <value>
        <marker id="SI_IOTransform_doc/0/1" condition="false">
          <year-difference>
            <attribute attr-id="si_claimant_dob" />
            <current-date />
          </year-difference>
        </marker>
      </value>
    </conclude>
    <conclude attr-id="si_bye_expired" entity-id="global" scope-id="global0">
      <value>
        <marker id="SI_IOTransform_doc/1/1" condition="false">
          <true-value />
        </marker>
      </value>
      <condition>
        <marker id="SI_IOTransform_doc/1/2">
          <greater-than-equals>
            <attribute attr-id="si_most_recent_byed" />
            <attribute attr-id="si_sunday_prior_filing" />
          </greater-than-equals>
        </marker>
      </condition>
      <otherwise>
        <marker id="SI_IOTransform_doc/1/3" condition="false">
          <false-value />
        </marker>
      </otherwise>
    </conclude>
    <conclude attr-id="si_most_recent_byed" entity-id="global" scope-id="global0">
      <value>
        <marker id="SI_IOTransform_doc/2/1" condition="false">
          <instance-maximum>
            <relationship relationship-id="global2claim" target-entity-id="kewesrdebenefitclaim" />
            <attribute attr-id="kewesrdebenefitclaim_BYEDate" />
          </instance-maximum>
        </marker>
      </value>
    </conclude>
    <conclude attr-id="b3@SI_IOTransform_doc" entity-id="global" scope-id="global0">
      <value>
        <marker id="SI_IOTransform_doc/3/1" condition="false">
          <true-value />
        </marker>
      </value>
      <condition>
        <marker id="SI_IOTransform_doc/3/2">
          <not>
            <unknown>
              <attribute attr-id="si_assert_processing_date" />
            </unknown>
          </not>
        </marker>
      </condition>
      <otherwise>
        <marker id="SI_IOTransform_doc/3/3" condition="false">
          <false-value />
        </marker>
      </otherwise>
    </conclude>
    <table-conclude attr-id="si_processing_date" entity-id="global" scope-id="global0">
      <row>
        <value>
          <marker id="SI_IOTransform_doc/4/1" condition="false">
            <current-date />
          </marker>
        </value>
        <condition>
          <or>
            <marker id="SI_IOTransform_doc/4/2">
              <not>
                <attribute attr-id="b3@SI_IOTransform_doc" />
              </not>
            </marker>
            <marker id="SI_IOTransform_doc/4/3">
              <uncertain>
                <attribute attr-id="si_assert_processing_date" />
              </uncertain>
            </marker>
          </or>
        </condition>
      </row>
      <otherwise>
        <marker id="SI_IOTransform_doc/4/4" condition="false">
          <attribute attr-id="si_assert_processing_date" />
        </marker>
      </otherwise>
    </table-conclude>
    <conclude attr-id="si_sunday_prior_filing" entity-id="global" scope-id="global0">
      <value>
        <marker id="SI_IOTransform_doc/5/1" condition="false">
          <next-day-of-the-week>
            <next-day-of-the-week>
              <add-days>
                <attribute attr-id="si_processing_date" />
                <negate>
                  <number-value>6</number-value>
                </negate>
              </add-days>
              <string-value>Sunday</string-value>
            </next-day-of-the-week>
            <string-value>Sunday</string-value>
          </next-day-of-the-week>
        </marker>
      </value>
    </conclude>
    <conclude attr-id="si_new_claim_byed" entity-id="global" scope-id="global0">
      <value>
        <marker id="SI_IOTransform_doc/6/1" condition="false">
          <add-weeks>
            <attribute attr-id="si_sunday_prior_filing" />
            <number-value>52</number-value>
          </add-weeks>
        </marker>
      </value>
    </conclude>
  </rules>
</rulebase>