<?xml version="1.0" encoding="utf-8"?>
<rulebase product-version="10.4.1.60" region="en-US">
  <entity text="Global" name="global" singleton="true">
    <attribute name="si_bye_expired" type="Boolean" />
    <attribute name="b3@SI_IOTransform_doc" type="Boolean" />
    <attribute name="b5@SI_IOTransform_doc" type="Boolean" />
    <attribute name="b6@SI_IOTransform_doc" type="Boolean" />
    <attribute name="b7@SI_IOTransform_doc" type="Boolean" />
    <attribute name="b8@SI_IOTransform_doc" type="Boolean" />
    <attribute name="si_claimant_age_in_years" type="Number" />
    <attribute name="si_claimant_dob" type="Date" />
    <attribute name="si_most_recent_byed" type="Date" />
    <attribute name="si_processing_date" type="Date" />
    <attribute name="si_assert_processing_date" type="Date" />
    <attribute name="si_sunday_prior_filing" type="Date" />
    <attribute name="si_new_claim_byed" type="Date" />
    <attribute name="si_claim_filing_effective_date" type="Date" />
    <attribute name="si_byed" type="Date" />
    <attribute name="EmailAddress" type="Text" />
    <attribute name="FirstName" type="Text" />
    <attribute name="HomePhoneNumber" type="Text" />
    <attribute name="LastName" type="Text" />
    <attribute name="SSN" type="Text" />
  </entity>
  <entity text="the claim" name="kewesrdebenefitclaim" singleton="false">
    <attribute name="kewesrdebenefitclaim_BYEDate" type="Date" />
    <attribute name="kewesrdebenefitclaim_BClaimantFlag" type="Text" />
    <attribute name="kewesrdebenefitclaim_BasePeriod" type="Text" />
    <attribute name="kewesrdebenefitclaim_BasePeriodEndDate" type="Date" />
    <attribute name="kewesrdebenefitclaim_BasePeriodStartDate" type="Date" />
    <attribute name="kewesrdebenefitclaim_ClaimStatus" type="Text" />
    <attribute name="kewesrdebenefitclaim_ClaimType" type="Text" />
    <attribute name="kewesrdebenefitclaim_EUCEndDate" type="Date" />
    <attribute name="kewesrdebenefitclaim_FIPSCode" type="Text" />
    <attribute name="kewesrdebenefitclaim_FileDate" type="Date" />
    <attribute name="kewesrdebenefitclaim_InterviewDate" type="Date" />
    <attribute name="kewesrdebenefitclaim_LocalOffice" type="Text" />
  </entity>
  <entity text="the nod" name="o_the_nod_doc" singleton="false" identifying-attribute-name="p9@Properties_sitrans_xsrc">
    <attribute name="p9@Properties_sitrans_xsrc" type="Text" />
    <attribute name="o_nod_id_code" type="Text" />
  </entity>
  <entity text="the issue" name="action" singleton="false">
    <attribute name="action_ActivityCategory" type="Text" />
    <attribute name="action_ActivityUID" type="Text" />
    <attribute name="action_HistoryCategory" type="Text" />
    <attribute name="action_Type" type="Text" />
  </entity>
  <relationship relationship-id="allinstancesofthenod" relationship-text="all instances of the nod" reverse-relationship-id="global_allinstancesofthenod_rev" source="global" target="o_the_nod_doc" type="OneToMany" is-containment="true" />
  <relationship relationship-id="global2claim" relationship-text="kewesrd ebenefit claims" reverse-relationship-id="claim2global" source="global" target="kewesrdebenefitclaim" type="OneToMany" is-containment="true" />
  <relationship relationship-id="claim2action" relationship-text="the actions" reverse-relationship-id="action2claim" source="kewesrdebenefitclaim" target="action" type="OneToMany" is-containment="true" />
  <rules module="si:13813ECA9C66A41E0B0B49EE45580400">
    <conclude attr-id="si_claimant_age_in_years" entity-id="global" scope-id="global0">
      <value>
        <marker id="SI_IOTransform_doc/0/1" condition="false">
          <year-difference>
            <attribute attr-id="si_claimant_dob" />
            <current-date />
          </year-difference>
        </marker>
      </value>
    </conclude>
    <conclude attr-id="si_most_recent_byed" entity-id="global" scope-id="global0">
      <value>
        <marker id="SI_IOTransform_doc/1/1" condition="false">
          <instance-maximum>
            <relationship relationship-id="global2claim" target-entity-id="kewesrdebenefitclaim" />
            <attribute attr-id="kewesrdebenefitclaim_BYEDate" />
          </instance-maximum>
        </marker>
      </value>
    </conclude>
    <conclude attr-id="b3@SI_IOTransform_doc" entity-id="global" scope-id="global0">
      <value>
        <marker id="SI_IOTransform_doc/2/1" condition="false">
          <true-value />
        </marker>
      </value>
      <condition>
        <marker id="SI_IOTransform_doc/2/2">
          <not>
            <unknown>
              <attribute attr-id="si_assert_processing_date" />
            </unknown>
          </not>
        </marker>
      </condition>
      <otherwise>
        <marker id="SI_IOTransform_doc/2/3" condition="false">
          <false-value />
        </marker>
      </otherwise>
    </conclude>
    <table-conclude attr-id="si_processing_date" entity-id="global" scope-id="global0">
      <row>
        <value>
          <marker id="SI_IOTransform_doc/3/1" condition="false">
            <current-date />
          </marker>
        </value>
        <condition>
          <or>
            <marker id="SI_IOTransform_doc/3/2">
              <not>
                <attribute attr-id="b3@SI_IOTransform_doc" />
              </not>
            </marker>
            <marker id="SI_IOTransform_doc/3/3">
              <uncertain>
                <attribute attr-id="si_assert_processing_date" />
              </uncertain>
            </marker>
          </or>
        </condition>
      </row>
      <otherwise>
        <marker id="SI_IOTransform_doc/3/4" condition="false">
          <attribute attr-id="si_assert_processing_date" />
        </marker>
      </otherwise>
    </table-conclude>
    <conclude attr-id="si_bye_expired" entity-id="global" scope-id="global0">
      <value>
        <marker id="SI_IOTransform_doc/4/1" condition="false">
          <true-value />
        </marker>
      </value>
      <condition>
        <marker id="SI_IOTransform_doc/4/2">
          <greater-than-equals>
            <attribute attr-id="si_most_recent_byed" />
            <attribute attr-id="si_sunday_prior_filing" />
          </greater-than-equals>
        </marker>
      </condition>
      <otherwise>
        <marker id="SI_IOTransform_doc/4/3" condition="false">
          <false-value />
        </marker>
      </otherwise>
    </conclude>
    <conclude attr-id="si_sunday_prior_filing" entity-id="global" scope-id="global0">
      <value>
        <marker id="SI_IOTransform_doc/5/1" condition="false">
          <next-day-of-the-week>
            <add-days>
              <attribute attr-id="si_processing_date" />
              <negate>
                <number-value>6</number-value>
              </negate>
            </add-days>
            <string-value>Sunday</string-value>
          </next-day-of-the-week>
        </marker>
      </value>
    </conclude>
    <conclude attr-id="si_claim_filing_effective_date" entity-id="global" scope-id="global0">
      <value>
        <marker id="SI_IOTransform_doc/6/1" condition="false">
          <attribute attr-id="si_sunday_prior_filing" />
        </marker>
      </value>
    </conclude>
    <table-conclude attr-id="si_new_claim_byed" entity-id="global" scope-id="global0">
      <row>
        <value>
          <marker id="SI_IOTransform_doc/7/1" condition="false">
            <add-days>
              <add-weeks>
                <attribute attr-id="si_claim_filing_effective_date" />
                <number-value>53</number-value>
              </add-weeks>
              <negate>
                <number-value>1</number-value>
              </negate>
            </add-days>
          </marker>
        </value>
        <condition>
          <marker id="SI_IOTransform_doc/7/2">
            <conclude attr-id="b5@SI_IOTransform_doc" entity-id="global" scope-id="global0">
              <value>
                <marker id="SI_IOTransform_doc/7/3" condition="false">
                  <true-value />
                </marker>
              </value>
              <condition>
                <and>
                  <marker id="SI_IOTransform_doc/7/4">
                    <greater-than-equals>
                      <attribute attr-id="si_processing_date" />
                      <make-date>
                        <extract-year>
                          <attribute attr-id="si_claim_filing_effective_date" />
                        </extract-year>
                        <number-value>1</number-value>
                        <number-value>1</number-value>
                      </make-date>
                    </greater-than-equals>
                  </marker>
                  <marker id="SI_IOTransform_doc/7/5">
                    <less-than-equals>
                      <attribute attr-id="si_processing_date" />
                      <make-date>
                        <extract-year>
                          <attribute attr-id="si_claim_filing_effective_date" />
                        </extract-year>
                        <number-value>1</number-value>
                        <number-value>7</number-value>
                      </make-date>
                    </less-than-equals>
                  </marker>
                </and>
              </condition>
              <otherwise>
                <marker id="SI_IOTransform_doc/7/6" condition="false">
                  <false-value />
                </marker>
              </otherwise>
            </conclude>
          </marker>
        </condition>
      </row>
      <row>
        <value>
          <marker id="SI_IOTransform_doc/7/7" condition="false">
            <add-days>
              <add-weeks>
                <attribute attr-id="si_claim_filing_effective_date" />
                <number-value>53</number-value>
              </add-weeks>
              <negate>
                <number-value>1</number-value>
              </negate>
            </add-days>
          </marker>
        </value>
        <condition>
          <marker id="SI_IOTransform_doc/7/8">
            <conclude attr-id="b6@SI_IOTransform_doc" entity-id="global" scope-id="global0">
              <value>
                <marker id="SI_IOTransform_doc/7/9" condition="false">
                  <true-value />
                </marker>
              </value>
              <condition>
                <and>
                  <marker id="SI_IOTransform_doc/7/10">
                    <greater-than-equals>
                      <attribute attr-id="si_processing_date" />
                      <make-date>
                        <extract-year>
                          <attribute attr-id="si_claim_filing_effective_date" />
                        </extract-year>
                        <number-value>4</number-value>
                        <number-value>1</number-value>
                      </make-date>
                    </greater-than-equals>
                  </marker>
                  <marker id="SI_IOTransform_doc/7/11">
                    <less-than-equals>
                      <attribute attr-id="si_processing_date" />
                      <make-date>
                        <extract-year>
                          <attribute attr-id="si_claim_filing_effective_date" />
                        </extract-year>
                        <number-value>4</number-value>
                        <number-value>7</number-value>
                      </make-date>
                    </less-than-equals>
                  </marker>
                </and>
              </condition>
              <otherwise>
                <marker id="SI_IOTransform_doc/7/12" condition="false">
                  <false-value />
                </marker>
              </otherwise>
            </conclude>
          </marker>
        </condition>
      </row>
      <row>
        <value>
          <marker id="SI_IOTransform_doc/7/13" condition="false">
            <add-days>
              <add-weeks>
                <attribute attr-id="si_claim_filing_effective_date" />
                <number-value>53</number-value>
              </add-weeks>
              <negate>
                <number-value>1</number-value>
              </negate>
            </add-days>
          </marker>
        </value>
        <condition>
          <marker id="SI_IOTransform_doc/7/14">
            <conclude attr-id="b7@SI_IOTransform_doc" entity-id="global" scope-id="global0">
              <value>
                <marker id="SI_IOTransform_doc/7/15" condition="false">
                  <true-value />
                </marker>
              </value>
              <condition>
                <and>
                  <marker id="SI_IOTransform_doc/7/16">
                    <greater-than-equals>
                      <attribute attr-id="si_processing_date" />
                      <make-date>
                        <extract-year>
                          <attribute attr-id="si_claim_filing_effective_date" />
                        </extract-year>
                        <number-value>7</number-value>
                        <number-value>1</number-value>
                      </make-date>
                    </greater-than-equals>
                  </marker>
                  <marker id="SI_IOTransform_doc/7/17">
                    <less-than-equals>
                      <attribute attr-id="si_processing_date" />
                      <make-date>
                        <extract-year>
                          <attribute attr-id="si_claim_filing_effective_date" />
                        </extract-year>
                        <number-value>7</number-value>
                        <number-value>7</number-value>
                      </make-date>
                    </less-than-equals>
                  </marker>
                </and>
              </condition>
              <otherwise>
                <marker id="SI_IOTransform_doc/7/18" condition="false">
                  <false-value />
                </marker>
              </otherwise>
            </conclude>
          </marker>
        </condition>
      </row>
      <row>
        <value>
          <marker id="SI_IOTransform_doc/7/19" condition="false">
            <add-days>
              <add-weeks>
                <attribute attr-id="si_claim_filing_effective_date" />
                <number-value>53</number-value>
              </add-weeks>
              <negate>
                <number-value>1</number-value>
              </negate>
            </add-days>
          </marker>
        </value>
        <condition>
          <marker id="SI_IOTransform_doc/7/20">
            <conclude attr-id="b8@SI_IOTransform_doc" entity-id="global" scope-id="global0">
              <value>
                <marker id="SI_IOTransform_doc/7/21" condition="false">
                  <true-value />
                </marker>
              </value>
              <condition>
                <and>
                  <marker id="SI_IOTransform_doc/7/22">
                    <greater-than-equals>
                      <attribute attr-id="si_processing_date" />
                      <make-date>
                        <extract-year>
                          <attribute attr-id="si_claim_filing_effective_date" />
                        </extract-year>
                        <number-value>10</number-value>
                        <number-value>1</number-value>
                      </make-date>
                    </greater-than-equals>
                  </marker>
                  <marker id="SI_IOTransform_doc/7/23">
                    <less-than-equals>
                      <attribute attr-id="si_processing_date" />
                      <make-date>
                        <extract-year>
                          <attribute attr-id="si_claim_filing_effective_date" />
                        </extract-year>
                        <number-value>10</number-value>
                        <number-value>7</number-value>
                      </make-date>
                    </less-than-equals>
                  </marker>
                </and>
              </condition>
              <otherwise>
                <marker id="SI_IOTransform_doc/7/24" condition="false">
                  <false-value />
                </marker>
              </otherwise>
            </conclude>
          </marker>
        </condition>
      </row>
      <otherwise>
        <marker id="SI_IOTransform_doc/7/25" condition="false">
          <add-days>
            <add-weeks>
              <attribute attr-id="si_claim_filing_effective_date" />
              <number-value>52</number-value>
            </add-weeks>
            <negate>
              <number-value>1</number-value>
            </negate>
          </add-days>
        </marker>
      </otherwise>
    </table-conclude>
  </rules>
</rulebase>