<?xml version="1.0" encoding="utf-8"?>
<rulebase product-version="10.4.1.60" region="en-US">
  <entity text="Global" name="global" singleton="true">
    <attribute name="fpr_working_zero_hours" type="Boolean" />
    <attribute name="b17@Rules_EmploymentStatus_doc" type="Boolean" />
    <attribute name="b18@Rules_EmploymentStatus_doc" type="Boolean" />
    <attribute name="b23@Rules_EmploymentStatus_doc" type="Boolean" />
    <attribute name="fpr_has_medical_restriction" type="Boolean" />
    <attribute name="fpr_recall_date_in_twelve" type="Boolean" />
    <attribute name="fpr_employed_to_med_restrict" type="Boolean" />
    <attribute name="fpr_working_1_to_29" type="Boolean" />
    <attribute name="b37@Rules_EmploymentStatus_doc" type="Boolean" />
    <attribute name="fpr_is_employed" type="Boolean" />
    <attribute name="fpr_considered_full_time" type="Boolean" />
    <attribute name="claimant_recall_from_layoff" type="Boolean" />
    <attribute name="b46@Rules_EmploymentStatus_doc" type="Boolean" />
    <attribute name="b49@Rules_EmploymentStatus_doc" type="Boolean" />
    <attribute name="b50@Rules_EmploymentStatus_doc" type="Boolean" />
    <attribute name="fpr_leave_of_absence_ok" type="Boolean" />
    <attribute name="fpr_layoff_temporary" type="Boolean" />
    <attribute name="b58@Rules_EmploymentStatus_doc" type="Boolean" />
    <attribute name="employer_separation" type="Boolean" />
    <attribute name="b60@Rules_EmploymentStatus_doc" type="Boolean" />
    <attribute name="b62@Rules_EmploymentStatus_doc" type="Boolean" />
    <attribute name="fpr_terminated_misconduct" type="Boolean" />
    <attribute name="fpr_layoff_due_to_actions" type="Boolean" />
    <attribute name="b72@Rules_EmploymentStatus_doc" type="Boolean" />
    <attribute name="fpr_always_less_than_full" type="Boolean" />
    <attribute name="b74@Rules_EmploymentStatus_doc" type="Boolean" />
    <attribute name="fpr_working_for_employer" type="Boolean" />
    <attribute name="b77@Rules_EmploymentStatus_doc" type="Boolean" />
    <attribute name="b14@Properties_Properties_xsrc" type="Boolean" />
    <attribute name="i_claimant_at_fault_for_sep" type="Boolean" />
    <attribute name="b8@Rules_Separation_doc" type="Boolean" />
    <attribute name="b10@Rules_Separation_doc" type="Boolean" />
    <attribute name="fpr_requested_reduction" type="Boolean" />
    <attribute name="b15@Rules_Separation_doc" type="Boolean" />
    <attribute name="i_claimant_has_quit" type="Boolean" />
    <attribute name="fpr_took_alternative_action" type="Boolean" />
    <attribute name="fpr_reason_attr_employ" type="Boolean" />
    <attribute name="fpr_employer_breached_yes" type="Boolean" />
    <attribute name="b22@Rules_Separation_doc" type="Boolean" />
    <attribute name="terminated_employment" type="Boolean" />
    <attribute name="fpr_bad_effect_on_empl" type="Boolean" />
    <attribute name="b28@Rules_Separation_doc" type="Boolean" />
    <attribute name="b29@Rules_Separation_doc" type="Boolean" />
    <attribute name="b30@Rules_Separation_doc" type="Boolean" />
    <attribute name="b31@Rules_Separation_doc" type="Boolean" />
    <attribute name="fpr_unsatisfactory_work" type="Boolean" />
    <attribute name="fpr_inefficient" type="Boolean" />
    <attribute name="fpr_has_shown_capacity" type="Boolean" />
    <attribute name="fpr_demo_standard_ability" type="Boolean" />
    <attribute name="fpr_inadvertent" type="Boolean" />
    <attribute name="fpr_insist_ord_negligence" type="Boolean" />
    <attribute name="fpr_good_faith_error" type="Boolean" />
    <attribute name="b39@Rules_Separation_doc" type="Boolean" />
    <attribute name="b40@Rules_Separation_doc" type="Boolean" />
    <attribute name="fpr_violated_standards" type="Boolean" />
    <attribute name="fpr_bad_attitude" type="Boolean" />
    <attribute name="fpr_dishonest" type="Boolean" />
    <attribute name="fpr_theft" type="Boolean" />
    <attribute name="b45@Rules_Separation_doc" type="Boolean" />
    <attribute name="b46@Rules_Separation_doc" type="Boolean" />
    <attribute name="fpr_intentional" type="Boolean" />
    <attribute name="fpr_careless" type="Boolean" />
    <attribute name="fpr_disregard_duty" type="Boolean" />
    <attribute name="fpr_disregard_procedures" type="Boolean" />
    <attribute name="fpr_misconduct" type="Boolean" />
    <attribute name="fpr_meets_emp_standard" type="Boolean" />
    <attribute name="fpr_advanced_warning_given" type="Boolean" />
    <attribute name="cite_fpr_341_370_6" type="Boolean" />
    <attribute name="fpr_falsified_app" type="Boolean" />
    <attribute name="fpr_willfully_violated_rule" type="Boolean" />
    <attribute name="fpr_bad_attendance" type="Boolean" />
    <attribute name="fpr_property_damage" type="Boolean" />
    <attribute name="fpr_refused_to_obey" type="Boolean" />
    <attribute name="b60@Rules_Separation_doc" type="Boolean" />
    <attribute name="fpr_conduct_endangerment" type="Boolean" />
    <attribute name="fpr_in_jail_4_5" type="Boolean" />
    <attribute name="fpr_alcohol_drugs_on_arrival" type="Boolean" />
    <attribute name="fpr_alcohol_drugs_onsite" type="Boolean" />
    <attribute name="b65@Rules_Separation_doc" type="Boolean" />
    <attribute name="fpr_nmr_concur_mrw" type="Boolean" />
    <attribute name="fpr_left_100_miles" type="Boolean" />
    <attribute name="fpr_job_offer_accepted" type="Boolean" />
    <attribute name="b69@Rules_Separation_doc" type="Boolean" />
    <attribute name="fpr_spouse_reassigned_mil" type="Boolean" />
    <attribute name="fpr_spouse_statute_simiar" type="Boolean" />
    <attribute name="fpr_had_good_cause" type="Boolean" />
    <attribute name="fpr_within_industry_standard" type="Boolean" />
    <attribute name="fpr_took_action" type="Boolean" />
    <attribute name="b75@Rules_Separation_doc" type="Boolean" />
    <attribute name="fpr_employer_work_reduction" type="Boolean" />
    <attribute name="fpr_layoff_eminent_goal_nm" type="Boolean" />
    <attribute name="fpr_incentive_package" type="Boolean" />
    <attribute name="fpr_illness_injury" type="Boolean" />
    <attribute name="fpr_no_work_for_dim" type="Boolean" />
    <attribute name="fpr_has_health_restriction" type="Boolean" />
    <attribute name="fpr_health_work_related" type="Boolean" />
    <attribute name="fpr_reason_employ_emplee" type="Boolean" />
    <attribute name="b89@Rules_Separation_doc" type="Boolean" />
    <attribute name="b91@Rules_Separation_doc" type="Boolean" />
    <attribute name="fpr_had_work_available" type="Boolean" />
    <attribute name="b93@Rules_Separation_doc" type="Boolean" />
    <attribute name="fpr_employer_provide_docs" type="Boolean" />
    <attribute name="fpr_witness_to_misconduct" type="Boolean" />
    <attribute name="fpr_emp_knows_policy" type="Boolean" />
    <attribute name="fpr_policy_enforced" type="Boolean" />
    <attribute name="b14@Rules_WeightOfEvidence_doc" type="Boolean" />
    <attribute name="fpr_retire_pursuant_plan" type="Boolean" />
    <attribute name="fpr_plan_has_ret_benefits" type="Boolean" />
    <attribute name="fpr_retire_age_agreed" type="Boolean" />
    <attribute name="fpr_accept_mand_ret_age" type="Boolean" />
    <attribute name="fpr_at_agreed_retirement_age" type="Boolean" />
    <attribute name="fpr_notified_about_jeopardy" type="Boolean" />
    <attribute name="fpr_employer_has_weight" type="Boolean" />
    <attribute name="b25@Rules_WeightOfEvidence_doc" type="Boolean" />
    <attribute name="fpr_retired" type="Boolean" />
    <attribute name="b28@Rules_WeightOfEvidence_doc" type="Boolean" />
    <attribute name="b1@Rules_Chargeability_doc" type="Boolean" />
    <attribute name="b2@Rules_Chargeability_doc" type="Boolean" />
    <attribute name="b3@Rules_Chargeability_doc" type="Boolean" />
    <attribute name="b4@Rules_Chargeability_doc" type="Boolean" />
    <attribute name="fpr_employer_made_protest" type="Boolean" />
    <attribute name="fpr_less_than_full_from_doh" type="Boolean" />
    <attribute name="b9@Rules_Chargeability_doc" type="Boolean" />
    <attribute name="fpr_employer_has_reserve" type="Boolean" />
    <attribute name="fpr_empl_is_not_for_profit" type="Boolean" />
    <attribute name="fpr_employer_is_a_gov" type="Boolean" />
    <attribute name="fpr_employ_has_acct_in_ky" type="Boolean" />
    <attribute name="fpr_employer_is_ten_week" type="Boolean" />
    <attribute name="fpr_employer_is_a_fed" type="Boolean" />
    <attribute name="fpr_had_fed_wages" type="Boolean" />
    <attribute name="fpr_current_is_eb" type="Boolean" />
    <attribute name="fpr_employer_is_chargeable" type="Boolean" />
    <attribute name="b1@Rules_NSReasonableAssurance_doc" type="Boolean" />
    <attribute name="b2@Rules_NSReasonableAssurance_doc" type="Boolean" />
    <attribute name="fpr_school_has_classes" type="Boolean" />
    <attribute name="fpr_school_is_licensed" type="Boolean" />
    <attribute name="fpr_study_good_for_gain" type="Boolean" />
    <attribute name="b7@Rules_NSReasonableAssurance_doc" type="Boolean" />
    <attribute name="fpr_has_educational_wages" type="Boolean" />
    <attribute name="fpr_return_after_break" type="Boolean" />
    <attribute name="fpr_return_like_position" type="Boolean" />
    <attribute name="fpr_school_wages_removed" type="Boolean" />
    <attribute name="b21@Properties_Properties_xsrc" type="Boolean" />
    <attribute name="b15@Rules_NSReasonableAssurance_doc" type="Boolean" />
    <attribute name="fpr_same_work_next_season" type="Boolean" />
    <attribute name="fpr_return_next_season" type="Boolean" />
    <attribute name="fpr_paid_athletic_participant" type="Boolean" />
    <attribute name="fpr_paid_athletic_trainer" type="Boolean" />
    <attribute name="fpr_claimant_is_payable" type="Boolean" />
    <attribute name="fpr_monetarily_eligible" type="Boolean" />
    <attribute name="b5@Rules_RuleBaseGoals_doc" type="Boolean" />
    <attribute name="b8@Rules_RuleBaseGoals_doc" type="Boolean" />
    <attribute name="b10@Rules_RuleBaseGoals_doc" type="Boolean" />
    <attribute name="b11@Rules_RuleBaseGoals_doc" type="Boolean" />
    <attribute name="fpr_physically_able_to_work" type="Boolean" />
    <attribute name="fpr_mentally_able" type="Boolean" />
    <attribute name="fpr_available_for_work" type="Boolean" />
    <attribute name="b5@Rules_AbleAvailable_doc" type="Boolean" />
    <attribute name="b6@Rules_AbleAvailable_doc" type="Boolean" />
    <attribute name="fpr_no_ride_no_search" type="Boolean" />
    <attribute name="fpr_no_ride_no_accept" type="Boolean" />
    <attribute name="fpr_looking_for_work" type="Boolean" />
    <attribute name="fpr_claimant_wants_job" type="Boolean" />
    <attribute name="fpr_has_mental_restriction" type="Boolean" />
    <attribute name="fpr_mental_prevents_work" type="Boolean" />
    <attribute name="fpr_has_physical_restriction" type="Boolean" />
    <attribute name="fpr_physical_prevents_work" type="Boolean" />
    <attribute name="fpr_alternate_transportation" type="Boolean" />
    <attribute name="b17@Rules_AbleAvailable_doc" type="Boolean" />
    <attribute name="fpr_is_an_apprentice" type="Boolean" />
    <attribute name="fpr_school_prevents_search" type="Boolean" />
    <attribute name="fpr_school_prevents_work" type="Boolean" />
    <attribute name="fpr_tra_approved" type="Boolean" />
    <attribute name="fpr_is_in_school" type="Boolean" />
    <attribute name="b23@Rules_AbleAvailable_doc" type="Boolean" />
    <attribute name="b24@Rules_AbleAvailable_doc" type="Boolean" />
    <attribute name="fpr_se_restricts_available" type="Boolean" />
    <attribute name="fpr_self_employed" type="Boolean" />
    <attribute name="fpr_on_commission_basis" type="Boolean" />
    <attribute name="fpr_se_prevents_search" type="Boolean" />
    <attribute name="fpr_se_prevents_accept" type="Boolean" />
    <attribute name="fpr_is_incarcerated" type="Boolean" />
    <attribute name="fpr_jail_no_search" type="Boolean" />
    <attribute name="fpr_jail_no_accept" type="Boolean" />
    <attribute name="fpr_caregiver" type="Boolean" />
    <attribute name="fpr_alternate_dep_care" type="Boolean" />
    <attribute name="fpr_caregiver_prevent_search" type="Boolean" />
    <attribute name="fpr_caregiver_prevent_obtain" type="Boolean" />
    <attribute name="b38@Rules_AbleAvailable_doc" type="Boolean" />
    <attribute name="fpr_is_corporate_officer" type="Boolean" />
    <attribute name="b40@Rules_AbleAvailable_doc" type="Boolean" />
    <attribute name="b41@Rules_AbleAvailable_doc" type="Boolean" />
    <attribute name="b42@Rules_AbleAvailable_doc" type="Boolean" />
    <attribute name="b43@Rules_AbleAvailable_doc" type="Boolean" />
    <attribute name="b1@Rules_TinySection_doc" type="Boolean" />
    <attribute name="b2@Rules_TinySection_doc" type="Boolean" />
    <attribute name="fpr_on_strike" type="Boolean" />
    <attribute name="fpr_employer_lockout" type="Boolean" />
    <attribute name="fpr_lawful_res_at_work_time" type="Boolean" />
    <attribute name="fpr_lawful_present_for_work" type="Boolean" />
    <attribute name="fpr_res_in_us_under_color" type="Boolean" />
    <attribute name="fpr_lawful_in_us_ina" type="Boolean" />
    <attribute name="fpr_is_us_citizen" type="Boolean" />
    <attribute name="b10@Rules_TinySection_doc" type="Boolean" />
    <attribute name="fpr_has_valid_alien_number" type="Boolean" />
    <attribute name="fpr_work_involves_risk" type="Boolean" />
    <attribute name="fpr_risk_involved_health" type="Boolean" />
    <attribute name="fpr_physically_unfit_for_work" type="Boolean" />
    <attribute name="fpr_prior_train_useless" type="Boolean" />
    <attribute name="fpr_experience_comp" type="Boolean" />
    <attribute name="fpr_comparable_wages" type="Boolean" />
    <attribute name="fpr_secretary_pertinent" type="Boolean" />
    <attribute name="fpr_vacant_via_dispute" type="Boolean" />
    <attribute name="fpr_bad_prevailing_work" type="Boolean" />
    <attribute name="fpr_join_union_or_resign" type="Boolean" />
    <attribute name="fpr_prejudice_relationship" type="Boolean" />
    <attribute name="b25@Rules_TinySection_doc" type="Boolean" />
    <attribute name="fpr_length_nowork_consider" type="Boolean" />
    <attribute name="fpr_secure_customary_work" type="Boolean" />
    <attribute name="fpr_commute_is_ok" type="Boolean" />
    <attribute name="fpr_work_is_suitable" type="Boolean" />
    <attribute name="fpr_offered_bonafide_work" type="Boolean" />
    <attribute name="b5@Rules_DeductibleIncome_doc" type="Boolean" />
    <attribute name="fpr_receives_pension" type="Boolean" />
    <attribute name="fpr_sole_contributor" type="Boolean" />
    <attribute name="fpr_employer_in_base" type="Boolean" />
    <attribute name="fpr_railroad_payed" type="Boolean" />
    <attribute name="b17@Rules_DeductibleIncome_doc" type="Boolean" />
    <attribute name="b19@Rules_DeductibleIncome_doc" type="Boolean" />
    <attribute name="b22@Rules_DeductibleIncome_doc" type="Boolean" />
    <attribute name="fpr_lieu_wages_contracted" type="Boolean" />
    <attribute name="fpr_advanced_notice_given" type="Boolean" />
    <attribute name="fpr_paid_for_short_notice" type="Boolean" />
    <attribute name="fpr_employer_force_vacation" type="Boolean" />
    <attribute name="fpr_vacation_during_claim" type="Boolean" />
    <attribute name="fpr_received_warn" type="Boolean" />
    <attribute name="b34@Rules_DeductibleIncome_doc" type="Boolean" />
    <attribute name="fpr_wages_rptd_benefit_wk" type="Boolean" />
    <attribute name="fpr_due_vacation_pay" type="Boolean" />
    <attribute name="fpr_vacation_prior_to_sep" type="Boolean" />
    <attribute name="fpr_earned_mil_reserve_pay" type="Boolean" />
    <attribute name="g_claimant_unemployed" type="Boolean" />
    <attribute name="g_may_receive_benefits" type="Boolean" />
    <attribute name="fpr_under_krs_341_370" type="Boolean" />
    <attribute name="fpr_no_emp_disregard" type="Boolean" />
    <attribute name="fpr_in_labor_dispute" type="Boolean" />
    <attribute name="fpr_employer_breached_no" type="Boolean" />
    <attribute name="fpr_pursued_alternatives" type="Boolean" />
    <attribute name="fpr_no_income_is_ded" type="Boolean" />
    <attribute name="fpr_effective_date_of_claim" type="Date" />
    <attribute name="fpr_effective_date_initial_claim" type="Currency" />
    <attribute name="fpr_sunday_preceding_curr_date" type="Date" />
    <attribute name="fpr_disqualified" type="Boolean" />
    <attribute name="si_bye_expired" type="Boolean" imported="true" />
    <attribute name="si_claimant_age_in_years" type="Number" imported="true" />
    <attribute name="si_claimant_dob" type="Date" imported="true" />
    <attribute name="si_most_recent_byed" type="Date" imported="true" />
    <attribute name="si_processing_date" type="Date" imported="true" />
    <attribute name="si_assert_processing_date" type="Date" imported="true" />
    <attribute name="si_sunday_prior_filing" type="Date" imported="true" />
    <attribute name="si_new_claim_byed" type="Date" imported="true" />
    <attribute name="si_claim_filing_effective_date" type="Date" imported="true" />
    <attribute name="si_byed" type="Date" imported="true" />
    <attribute name="EmailAddress" type="Text" imported="true" />
    <attribute name="FirstName" type="Text" imported="true" />
    <attribute name="HomePhoneNumber" type="Text" imported="true" />
    <attribute name="LastName" type="Text" imported="true" />
    <attribute name="SSN" type="Text" imported="true" />
  </entity>
  <entity text="the nod" name="o_the_nod_doc" singleton="false" imported="true">
    <attribute name="the_nod_id_text" type="Text" imported="true" />
    <attribute name="o_nod_id_code" type="Text" imported="true" />
  </entity>
  <entity text="the claim" name="kewesrdebenefitclaim" singleton="false" imported="true">
    <attribute name="kewesrdebenefitclaim_BYEDate" type="Date" imported="true" />
    <attribute name="kewesrdebenefitclaim_BClaimantFlag" type="Text" imported="true" />
    <attribute name="kewesrdebenefitclaim_BasePeriod" type="Text" imported="true" />
    <attribute name="kewesrdebenefitclaim_BasePeriodEndDate" type="Date" imported="true" />
    <attribute name="kewesrdebenefitclaim_BasePeriodStartDate" type="Date" imported="true" />
    <attribute name="kewesrdebenefitclaim_ClaimStatus" type="Text" imported="true" />
    <attribute name="kewesrdebenefitclaim_ClaimType" type="Text" imported="true" />
    <attribute name="kewesrdebenefitclaim_EUCEndDate" type="Date" imported="true" />
    <attribute name="kewesrdebenefitclaim_FIPSCode" type="Text" imported="true" />
    <attribute name="kewesrdebenefitclaim_FileDate" type="Date" imported="true" />
    <attribute name="kewesrdebenefitclaim_InterviewDate" type="Date" imported="true" />
    <attribute name="kewesrdebenefitclaim_LocalOffice" type="Text" imported="true" />
  </entity>
  <entity text="the issue" name="action" singleton="false" imported="true">
    <attribute name="action_ActivityCategory" type="Text" imported="true" />
    <attribute name="action_ActivityUID" type="Text" imported="true" />
    <attribute name="action_HistoryCategory" type="Text" imported="true" />
    <attribute name="action_Type" type="Text" imported="true" />
  </entity>
  <relationship imported="true" relationship-id="global2nod" relationship-text="all instances of the nod" reverse-relationship-id="nod2globa" reverse-relationship-text="the nod's singleton global" source="global" target="o_the_nod_doc" type="OneToMany" is-containment="true" />
  <relationship imported="true" relationship-id="global2claim" relationship-text="kewesrd ebenefit claims" reverse-relationship-id="claim2global" source="global" target="kewesrdebenefitclaim" type="OneToMany" is-containment="true" />
  <relationship imported="true" relationship-id="claim2action" relationship-text="the actions" reverse-relationship-id="action2claim" source="kewesrdebenefitclaim" target="action" type="OneToMany" is-containment="true" />
  <rules module="ky_fpr:4C0E3B58EFAAC29F6E9AE04DD8FC86ED">
    <conclude attr-id="fpr_working_zero_hours" entity-id="global" scope-id="global0" heuristic="true">
      <value>
        <marker id="Rules_EmploymentStatus_doc/0/1" condition="false">
          <false-value />
        </marker>
      </value>
      <condition>
        <marker id="Rules_EmploymentStatus_doc/0/2">
          <attribute attr-id="fpr_working_1_to_29" />
        </marker>
      </condition>
    </conclude>
    <conclude attr-id="b17@Rules_EmploymentStatus_doc" entity-id="global" scope-id="global0">
      <value>
        <marker id="Rules_EmploymentStatus_doc/1/1" condition="false">
          <true-value />
        </marker>
      </value>
      <condition>
        <or>
          <marker id="Rules_EmploymentStatus_doc/1/2">
            <attribute attr-id="b60@Rules_EmploymentStatus_doc" />
          </marker>
          <marker id="Rules_EmploymentStatus_doc/1/3">
            <attribute attr-id="fpr_is_employed" />
          </marker>
        </or>
      </condition>
      <otherwise>
        <marker id="Rules_EmploymentStatus_doc/1/4" condition="false">
          <false-value />
        </marker>
      </otherwise>
    </conclude>
    <conclude attr-id="b60@Rules_EmploymentStatus_doc" entity-id="global" scope-id="global0">
      <value>
        <marker id="Rules_EmploymentStatus_doc/2/1" condition="false">
          <true-value />
        </marker>
      </value>
      <condition>
        <or>
          <marker id="Rules_EmploymentStatus_doc/2/2">
            <attribute attr-id="claimant_recall_from_layoff" />
          </marker>
          <marker id="Rules_EmploymentStatus_doc/2/3">
            <attribute attr-id="b50@Rules_EmploymentStatus_doc" />
          </marker>
          <marker id="Rules_EmploymentStatus_doc/2/4">
            <attribute attr-id="b62@Rules_EmploymentStatus_doc" />
          </marker>
        </or>
      </condition>
      <otherwise>
        <marker id="Rules_EmploymentStatus_doc/2/5" condition="false">
          <false-value />
        </marker>
      </otherwise>
    </conclude>
    <conclude attr-id="b62@Rules_EmploymentStatus_doc" entity-id="global" scope-id="global0">
      <value>
        <marker id="Rules_EmploymentStatus_doc/3/1" condition="false">
          <true-value />
        </marker>
      </value>
      <condition>
        <and>
          <marker id="Rules_EmploymentStatus_doc/3/2">
            <not>
              <attribute attr-id="b50@Rules_EmploymentStatus_doc" />
            </not>
          </marker>
          <marker id="Rules_EmploymentStatus_doc/3/3">
            <attribute attr-id="fpr_leave_of_absence_ok" />
          </marker>
          <marker id="Rules_EmploymentStatus_doc/3/4">
            <attribute attr-id="fpr_layoff_temporary" />
          </marker>
          <marker id="Rules_EmploymentStatus_doc/3/5">
            <not>
              <attribute attr-id="fpr_working_for_employer" />
            </not>
          </marker>
        </and>
      </condition>
      <otherwise>
        <marker id="Rules_EmploymentStatus_doc/3/6" condition="false">
          <false-value />
        </marker>
      </otherwise>
    </conclude>
    <conclude attr-id="b50@Rules_EmploymentStatus_doc" entity-id="global" scope-id="global0">
      <value>
        <marker id="Rules_EmploymentStatus_doc/4/1" condition="false">
          <true-value />
        </marker>
      </value>
      <condition>
        <and>
          <marker id="Rules_EmploymentStatus_doc/4/2">
            <attribute attr-id="employer_separation" />
          </marker>
          <marker id="Rules_EmploymentStatus_doc/4/3">
            <attribute attr-id="fpr_layoff_temporary" />
          </marker>
          <marker id="Rules_EmploymentStatus_doc/4/4">
            <not>
              <attribute attr-id="fpr_working_for_employer" />
            </not>
          </marker>
        </and>
      </condition>
      <otherwise>
        <marker id="Rules_EmploymentStatus_doc/4/5" condition="false">
          <false-value />
        </marker>
      </otherwise>
    </conclude>
    <conclude attr-id="claimant_recall_from_layoff" entity-id="global" scope-id="global0">
      <value>
        <marker id="Rules_EmploymentStatus_doc/5/1" condition="false">
          <true-value />
        </marker>
      </value>
      <condition>
        <and>
          <marker id="Rules_EmploymentStatus_doc/5/2">
            <attribute attr-id="b18@Rules_EmploymentStatus_doc" />
          </marker>
          <marker id="Rules_EmploymentStatus_doc/5/3">
            <conclude attr-id="b46@Rules_EmploymentStatus_doc" entity-id="global" scope-id="global0">
              <value>
                <marker id="Rules_EmploymentStatus_doc/5/4" condition="false">
                  <true-value />
                </marker>
              </value>
              <condition>
                <marker id="Rules_EmploymentStatus_doc/5/5">
                  <attribute attr-id="fpr_recall_date_in_twelve" />
                </marker>
              </condition>
              <otherwise>
                <marker id="Rules_EmploymentStatus_doc/5/6" condition="false">
                  <false-value />
                </marker>
              </otherwise>
            </conclude>
          </marker>
        </and>
      </condition>
      <otherwise>
        <marker id="Rules_EmploymentStatus_doc/5/7" condition="false">
          <false-value />
        </marker>
      </otherwise>
    </conclude>
    <conclude attr-id="b18@Rules_EmploymentStatus_doc" entity-id="global" scope-id="global0">
      <value>
        <marker id="Rules_EmploymentStatus_doc/6/1" condition="false">
          <true-value />
        </marker>
      </value>
      <condition>
        <and>
          <marker id="Rules_EmploymentStatus_doc/6/2">
            <not>
              <attribute attr-id="fpr_terminated_misconduct" />
            </not>
          </marker>
          <marker id="Rules_EmploymentStatus_doc/6/3">
            <not>
              <attribute attr-id="fpr_is_employed" />
            </not>
          </marker>
          <marker id="Rules_EmploymentStatus_doc/6/4">
            <not>
              <attribute attr-id="fpr_layoff_due_to_actions" />
            </not>
          </marker>
        </and>
      </condition>
      <otherwise>
        <marker id="Rules_EmploymentStatus_doc/6/5" condition="false">
          <false-value />
        </marker>
      </otherwise>
    </conclude>
    <conclude attr-id="b49@Rules_EmploymentStatus_doc" entity-id="global" scope-id="global0">
      <value>
        <marker id="Rules_EmploymentStatus_doc/7/1" condition="false">
          <true-value />
        </marker>
      </value>
    </conclude>
    <conclude attr-id="b37@Rules_EmploymentStatus_doc" entity-id="global" scope-id="global0">
      <value>
        <marker id="Rules_EmploymentStatus_doc/8/1" condition="false">
          <true-value />
        </marker>
      </value>
      <condition>
        <and>
          <marker id="Rules_EmploymentStatus_doc/8/2">
            <not>
              <attribute attr-id="fpr_working_zero_hours" />
            </not>
          </marker>
          <marker id="Rules_EmploymentStatus_doc/8/3">
            <not>
              <attribute attr-id="fpr_working_1_to_29" />
            </not>
          </marker>
        </and>
      </condition>
      <otherwise>
        <marker id="Rules_EmploymentStatus_doc/8/4" condition="false">
          <false-value />
        </marker>
      </otherwise>
    </conclude>
    <conclude attr-id="b74@Rules_EmploymentStatus_doc" entity-id="global" scope-id="global0">
      <value>
        <marker id="Rules_EmploymentStatus_doc/9/1" condition="false">
          <true-value />
        </marker>
      </value>
      <condition>
        <marker id="Rules_EmploymentStatus_doc/9/2">
          <attribute attr-id="fpr_considered_full_time" />
        </marker>
      </condition>
      <otherwise>
        <marker id="Rules_EmploymentStatus_doc/9/3" condition="false">
          <false-value />
        </marker>
      </otherwise>
    </conclude>
    <conclude attr-id="b72@Rules_EmploymentStatus_doc" entity-id="global" scope-id="global0">
      <value>
        <marker id="Rules_EmploymentStatus_doc/10/1" condition="false">
          <true-value />
        </marker>
      </value>
      <condition>
        <marker id="Rules_EmploymentStatus_doc/10/2">
          <attribute attr-id="fpr_always_less_than_full" />
        </marker>
      </condition>
      <otherwise>
        <marker id="Rules_EmploymentStatus_doc/10/3" condition="false">
          <false-value />
        </marker>
      </otherwise>
    </conclude>
    <conclude attr-id="b77@Rules_EmploymentStatus_doc" entity-id="global" scope-id="global0">
      <value>
        <marker id="Rules_EmploymentStatus_doc/11/1" condition="false">
          <true-value />
        </marker>
      </value>
      <condition>
        <and>
          <marker id="Rules_EmploymentStatus_doc/11/2">
            <attribute attr-id="fpr_working_for_employer" />
          </marker>
          <marker id="Rules_EmploymentStatus_doc/11/3">
            <not>
              <attribute attr-id="fpr_considered_full_time" />
            </not>
          </marker>
        </and>
      </condition>
      <otherwise>
        <marker id="Rules_EmploymentStatus_doc/11/4" condition="false">
          <false-value />
        </marker>
      </otherwise>
    </conclude>
    <conclude attr-id="b23@Rules_EmploymentStatus_doc" entity-id="global" scope-id="global0">
      <value>
        <marker id="Rules_EmploymentStatus_doc/12/1" condition="false">
          <true-value />
        </marker>
      </value>
      <condition>
        <marker id="Rules_EmploymentStatus_doc/12/2">
          <conclude attr-id="b58@Rules_EmploymentStatus_doc" entity-id="global" scope-id="global0">
            <value>
              <marker id="Rules_EmploymentStatus_doc/12/3" condition="false">
                <true-value />
              </marker>
            </value>
            <condition>
              <and>
                <marker id="Rules_EmploymentStatus_doc/12/4">
                  <attribute attr-id="fpr_has_medical_restriction" />
                </marker>
                <marker id="Rules_EmploymentStatus_doc/12/5">
                  <attribute attr-id="fpr_employed_to_med_restrict" />
                </marker>
              </and>
            </condition>
            <otherwise>
              <marker id="Rules_EmploymentStatus_doc/12/6" condition="false">
                <false-value />
              </marker>
            </otherwise>
          </conclude>
        </marker>
      </condition>
      <otherwise>
        <marker id="Rules_EmploymentStatus_doc/12/7" condition="false">
          <false-value />
        </marker>
      </otherwise>
    </conclude>
    <conclude attr-id="b14@Properties_Properties_xsrc" entity-id="global" scope-id="global0">
      <value>
        <marker id="Rules_Separation_doc/0/1" condition="false">
          <true-value />
        </marker>
      </value>
      <condition>
        <or>
          <marker id="Rules_Separation_doc/0/2">
            <not>
              <attribute attr-id="i_claimant_at_fault_for_sep" />
            </not>
          </marker>
          <marker id="Rules_Separation_doc/0/3">
            <attribute attr-id="b8@Rules_Separation_doc" />
          </marker>
        </or>
      </condition>
      <otherwise>
        <marker id="Rules_Separation_doc/0/4" condition="false">
          <false-value />
        </marker>
      </otherwise>
    </conclude>
    <table-conclude attr-id="i_claimant_at_fault_for_sep" entity-id="global" scope-id="global0">
      <row>
        <value>
          <marker id="Rules_Separation_doc/1/1" condition="false">
            <true-value />
          </marker>
        </value>
        <condition>
          <or>
            <marker id="Rules_Separation_doc/1/2">
              <attribute attr-id="b62@Rules_EmploymentStatus_doc" />
            </marker>
            <marker id="Rules_Separation_doc/1/3">
              <attribute attr-id="b10@Rules_Separation_doc" />
            </marker>
            <marker id="Rules_Separation_doc/1/4">
              <attribute attr-id="b75@Rules_Separation_doc" />
            </marker>
          </or>
        </condition>
      </row>
      <row>
        <value>
          <marker id="Rules_Separation_doc/1/5" condition="false">
            <false-value />
          </marker>
        </value>
        <condition>
          <or>
            <marker id="Rules_Separation_doc/1/6">
              <attribute attr-id="b18@Rules_EmploymentStatus_doc" />
            </marker>
            <marker id="Rules_Separation_doc/1/7">
              <not>
                <attribute attr-id="fpr_terminated_misconduct" />
              </not>
            </marker>
            <and>
              <marker id="Rules_Separation_doc/1/8">
                <attribute attr-id="b77@Rules_EmploymentStatus_doc" />
              </marker>
              <marker id="Rules_Separation_doc/1/9">
                <not>
                  <attribute attr-id="fpr_requested_reduction" />
                </not>
              </marker>
              <marker id="Rules_Separation_doc/1/10">
                <not>
                  <attribute attr-id="b15@Rules_Separation_doc" />
                </not>
              </marker>
            </and>
            <and>
              <marker id="Rules_Separation_doc/1/11">
                <attribute attr-id="i_claimant_has_quit" />
              </marker>
              <marker id="Rules_Separation_doc/1/12">
                <attribute attr-id="fpr_took_alternative_action" />
              </marker>
              <marker id="Rules_Separation_doc/1/13">
                <attribute attr-id="fpr_had_good_cause" />
              </marker>
            </and>
          </or>
        </condition>
      </row>
      <otherwise>
        <marker id="Rules_Separation_doc/1/14" condition="false">
          <true-value />
        </marker>
      </otherwise>
    </table-conclude>
    <conclude attr-id="b75@Rules_Separation_doc" entity-id="global" scope-id="global0">
      <value>
        <marker id="Rules_Separation_doc/2/1" condition="false">
          <true-value />
        </marker>
      </value>
      <condition>
        <and>
          <marker id="Rules_Separation_doc/2/2">
            <attribute attr-id="fpr_employer_work_reduction" />
          </marker>
          <marker id="Rules_Separation_doc/2/3">
            <not>
              <attribute attr-id="fpr_layoff_eminent_goal_nm" />
            </not>
          </marker>
          <marker id="Rules_Separation_doc/2/4">
            <attribute attr-id="fpr_incentive_package" />
          </marker>
          <marker id="Rules_Separation_doc/2/5">
            <not>
              <attribute attr-id="fpr_recall_date_in_twelve" />
            </not>
          </marker>
        </and>
      </condition>
      <otherwise>
        <marker id="Rules_Separation_doc/2/6" condition="false">
          <false-value />
        </marker>
      </otherwise>
    </conclude>
    <conclude attr-id="fpr_took_alternative_action" entity-id="global" scope-id="global0" heuristic="true">
      <value>
        <marker id="Rules_Separation_doc/3/1" condition="false">
          <false-value />
        </marker>
      </value>
      <condition>
        <marker id="Rules_Separation_doc/3/2">
          <not>
            <attribute attr-id="fpr_took_action" />
          </not>
        </marker>
      </condition>
    </conclude>
    <conclude attr-id="fpr_had_good_cause" entity-id="global" scope-id="global0" heuristic="true">
      <value>
        <marker id="Rules_Separation_doc/4/1" condition="false">
          <false-value />
        </marker>
      </value>
      <condition>
        <or>
          <marker id="Rules_Separation_doc/4/2">
            <not>
              <attribute attr-id="fpr_reason_attr_employ" />
            </not>
          </marker>
          <and>
            <marker id="Rules_Separation_doc/4/3">
              <attribute attr-id="fpr_reason_attr_employ" />
            </marker>
            <or>
              <marker id="Rules_Separation_doc/4/4">
                <not>
                  <attribute attr-id="fpr_employer_breached_yes" />
                </not>
              </marker>
              <marker id="Rules_Separation_doc/4/5">
                <not>
                  <attribute attr-id="fpr_within_industry_standard" />
                </not>
              </marker>
            </or>
          </and>
        </or>
      </condition>
    </conclude>
    <conclude attr-id="b89@Rules_Separation_doc" entity-id="global" scope-id="global0">
      <value>
        <marker id="Rules_Separation_doc/5/1" condition="false">
          <true-value />
        </marker>
      </value>
      <condition>
        <marker id="Rules_Separation_doc/5/2">
          <conclude attr-id="b93@Rules_Separation_doc" entity-id="global" scope-id="global0">
            <value>
              <marker id="Rules_Separation_doc/5/3" condition="false">
                <true-value />
              </marker>
            </value>
            <condition>
              <and>
                <marker id="Rules_Separation_doc/5/4">
                  <attribute attr-id="fpr_has_health_restriction" />
                </marker>
                <marker id="Rules_Separation_doc/5/5">
                  <attribute attr-id="fpr_illness_injury" />
                </marker>
                <marker id="Rules_Separation_doc/5/6">
                  <attribute attr-id="fpr_no_work_for_dim" />
                </marker>
              </and>
            </condition>
            <otherwise>
              <marker id="Rules_Separation_doc/5/7" condition="false">
                <false-value />
              </marker>
            </otherwise>
          </conclude>
        </marker>
      </condition>
      <otherwise>
        <marker id="Rules_Separation_doc/5/8" condition="false">
          <false-value />
        </marker>
      </otherwise>
    </conclude>
    <conclude attr-id="b91@Rules_Separation_doc" entity-id="global" scope-id="global0">
      <value>
        <marker id="Rules_Separation_doc/6/1" condition="false">
          <false-value />
        </marker>
      </value>
      <condition>
        <and>
          <marker id="Rules_Separation_doc/6/2">
            <attribute attr-id="b89@Rules_Separation_doc" />
          </marker>
          <marker id="Rules_Separation_doc/6/3">
            <attribute attr-id="fpr_health_work_related" />
          </marker>
        </and>
      </condition>
      <otherwise>
        <marker id="Rules_Separation_doc/6/4" condition="false">
          <true-value />
        </marker>
      </otherwise>
    </conclude>
    <conclude attr-id="fpr_reason_attr_employ" entity-id="global" scope-id="global0" heuristic="true">
      <value>
        <marker id="Rules_Separation_doc/7/1" condition="false">
          <true-value />
        </marker>
      </value>
      <condition>
        <and>
          <marker id="Rules_Separation_doc/7/2">
            <attribute attr-id="fpr_health_work_related" />
          </marker>
          <marker id="Rules_Separation_doc/7/3">
            <not>
              <attribute attr-id="fpr_reason_employ_emplee" />
            </not>
          </marker>
        </and>
      </condition>
    </conclude>
    <conclude attr-id="i_claimant_has_quit" entity-id="global" scope-id="global0">
      <value>
        <marker id="Rules_Separation_doc/8/1" condition="false">
          <true-value />
        </marker>
      </value>
      <condition>
        <and>
          <marker id="Rules_Separation_doc/8/2">
            <attribute attr-id="fpr_had_work_available" />
          </marker>
          <or>
            <marker id="Rules_Separation_doc/8/3">
              <attribute attr-id="b8@Rules_Separation_doc" />
            </marker>
            <marker id="Rules_Separation_doc/8/4">
              <attribute attr-id="b22@Rules_Separation_doc" />
            </marker>
            <marker id="Rules_Separation_doc/8/5">
              <attribute attr-id="fpr_requested_reduction" />
            </marker>
            <marker id="Rules_Separation_doc/8/6">
              <conclude attr-id="terminated_employment" entity-id="global" scope-id="global0">
                <value>
                  <marker id="Rules_Separation_doc/8/7" condition="false">
                    <true-value />
                  </marker>
                </value>
                <condition>
                  <marker id="Rules_Separation_doc/8/8">
                    <not>
                      <attribute attr-id="employer_separation" />
                    </not>
                  </marker>
                </condition>
                <otherwise>
                  <marker id="Rules_Separation_doc/8/9" condition="false">
                    <false-value />
                  </marker>
                </otherwise>
              </conclude>
            </marker>
          </or>
        </and>
      </condition>
      <otherwise>
        <marker id="Rules_Separation_doc/8/10" condition="false">
          <false-value />
        </marker>
      </otherwise>
    </conclude>
    <conclude attr-id="employer_separation" entity-id="global" scope-id="global0" heuristic="true">
      <value>
        <marker id="Rules_Separation_doc/9/1" condition="false">
          <false-value />
        </marker>
      </value>
      <condition>
        <marker id="Rules_Separation_doc/9/2">
          <attribute attr-id="fpr_leave_of_absence_ok" />
        </marker>
      </condition>
    </conclude>
    <conclude attr-id="b10@Rules_Separation_doc" entity-id="global" scope-id="global0">
      <value>
        <marker id="Rules_Separation_doc/10/1" condition="false">
          <true-value />
        </marker>
      </value>
      <condition>
        <and>
          <marker id="Rules_Separation_doc/10/2">
            <attribute attr-id="b15@Rules_Separation_doc" />
          </marker>
          <marker id="Rules_Separation_doc/10/3">
            <attribute attr-id="b50@Rules_EmploymentStatus_doc" />
          </marker>
        </and>
      </condition>
      <otherwise>
        <marker id="Rules_Separation_doc/10/4" condition="false">
          <false-value />
        </marker>
      </otherwise>
    </conclude>
    <conclude attr-id="b15@Rules_Separation_doc" entity-id="global" scope-id="global0">
      <value>
        <marker id="Rules_Separation_doc/11/1" condition="false">
          <true-value />
        </marker>
      </value>
      <condition>
        <and>
          <marker id="Rules_Separation_doc/11/2">
            <attribute attr-id="fpr_bad_effect_on_empl" />
          </marker>
          <marker id="Rules_Separation_doc/11/3">
            <attribute attr-id="b28@Rules_Separation_doc" />
          </marker>
          <marker id="Rules_Separation_doc/11/4">
            <attribute attr-id="b29@Rules_Separation_doc" />
          </marker>
        </and>
      </condition>
      <otherwise>
        <marker id="Rules_Separation_doc/11/5" condition="false">
          <false-value />
        </marker>
      </otherwise>
    </conclude>
    <conclude attr-id="b29@Rules_Separation_doc" entity-id="global" scope-id="global0">
      <value>
        <marker id="Rules_Separation_doc/12/1" condition="false">
          <false-value />
        </marker>
      </value>
      <condition>
        <or>
          <marker id="Rules_Separation_doc/12/2">
            <not>
              <attribute attr-id="b30@Rules_Separation_doc" />
            </not>
          </marker>
          <marker id="Rules_Separation_doc/12/3">
            <not>
              <attribute attr-id="b31@Rules_Separation_doc" />
            </not>
          </marker>
        </or>
      </condition>
      <otherwise>
        <marker id="Rules_Separation_doc/12/4" condition="false">
          <true-value />
        </marker>
      </otherwise>
    </conclude>
    <conclude attr-id="b30@Rules_Separation_doc" entity-id="global" scope-id="global0">
      <value>
        <marker id="Rules_Separation_doc/13/1" condition="false">
          <true-value />
        </marker>
      </value>
      <condition>
        <and>
          <or>
            <marker id="Rules_Separation_doc/13/2">
              <attribute attr-id="fpr_unsatisfactory_work" />
            </marker>
            <marker id="Rules_Separation_doc/13/3">
              <attribute attr-id="fpr_inefficient" />
            </marker>
          </or>
          <or>
            <marker id="Rules_Separation_doc/13/4">
              <attribute attr-id="fpr_has_shown_capacity" />
            </marker>
            <marker id="Rules_Separation_doc/13/5">
              <attribute attr-id="fpr_demo_standard_ability" />
            </marker>
          </or>
        </and>
      </condition>
      <otherwise>
        <marker id="Rules_Separation_doc/13/6" condition="false">
          <false-value />
        </marker>
      </otherwise>
    </conclude>
    <conclude attr-id="b31@Rules_Separation_doc" entity-id="global" scope-id="global0">
      <value>
        <marker id="Rules_Separation_doc/14/1" condition="false">
          <false-value />
        </marker>
      </value>
      <condition>
        <or>
          <marker id="Rules_Separation_doc/14/2">
            <attribute attr-id="fpr_inadvertent" />
          </marker>
          <marker id="Rules_Separation_doc/14/3">
            <attribute attr-id="fpr_insist_ord_negligence" />
          </marker>
          <marker id="Rules_Separation_doc/14/4">
            <attribute attr-id="fpr_good_faith_error" />
          </marker>
        </or>
      </condition>
      <otherwise>
        <marker id="Rules_Separation_doc/14/5" condition="false">
          <true-value />
        </marker>
      </otherwise>
    </conclude>
    <conclude attr-id="b39@Rules_Separation_doc" entity-id="global" scope-id="global0">
      <value>
        <marker id="Rules_Separation_doc/15/1" condition="false">
          <false-value />
        </marker>
      </value>
      <condition>
        <or>
          <marker id="Rules_Separation_doc/15/2">
            <attribute attr-id="b40@Rules_Separation_doc" />
          </marker>
          <marker id="Rules_Separation_doc/15/3">
            <attribute attr-id="fpr_violated_standards" />
          </marker>
          <marker id="Rules_Separation_doc/15/4">
            <attribute attr-id="fpr_bad_attitude" />
          </marker>
          <marker id="Rules_Separation_doc/15/5">
            <attribute attr-id="fpr_dishonest" />
          </marker>
          <marker id="Rules_Separation_doc/15/6">
            <attribute attr-id="fpr_theft" />
          </marker>
        </or>
      </condition>
      <otherwise>
        <marker id="Rules_Separation_doc/15/7" condition="false">
          <true-value />
        </marker>
      </otherwise>
    </conclude>
    <conclude attr-id="b45@Rules_Separation_doc" entity-id="global" scope-id="global0">
      <value>
        <marker id="Rules_Separation_doc/16/1" condition="false">
          <true-value />
        </marker>
      </value>
      <condition>
        <and>
          <marker id="Rules_Separation_doc/16/2">
            <attribute attr-id="b46@Rules_Separation_doc" />
          </marker>
          <marker id="Rules_Separation_doc/16/3">
            <attribute attr-id="fpr_intentional" />
          </marker>
          <or>
            <marker id="Rules_Separation_doc/16/4">
              <attribute attr-id="fpr_careless" />
            </marker>
            <marker id="Rules_Separation_doc/16/5">
              <attribute attr-id="b30@Rules_Separation_doc" />
            </marker>
            <marker id="Rules_Separation_doc/16/6">
              <attribute attr-id="fpr_disregard_duty" />
            </marker>
          </or>
        </and>
      </condition>
      <otherwise>
        <marker id="Rules_Separation_doc/16/7" condition="false">
          <false-value />
        </marker>
      </otherwise>
    </conclude>
    <conclude attr-id="b46@Rules_Separation_doc" entity-id="global" scope-id="global0">
      <value>
        <marker id="Rules_Separation_doc/17/1" condition="false">
          <true-value />
        </marker>
      </value>
      <condition>
        <marker id="Rules_Separation_doc/17/2">
          <attribute attr-id="fpr_disregard_procedures" />
        </marker>
      </condition>
      <otherwise>
        <marker id="Rules_Separation_doc/17/3" condition="false">
          <false-value />
        </marker>
      </otherwise>
    </conclude>
    <conclude attr-id="b40@Rules_Separation_doc" entity-id="global" scope-id="global0">
      <value>
        <marker id="Rules_Separation_doc/18/1" condition="false">
          <true-value />
        </marker>
      </value>
      <condition>
        <and>
          <marker id="Rules_Separation_doc/18/2">
            <attribute attr-id="fpr_misconduct" />
          </marker>
          <marker id="Rules_Separation_doc/18/3">
            <attribute attr-id="fpr_meets_emp_standard" />
          </marker>
          <marker id="Rules_Separation_doc/18/4">
            <attribute attr-id="fpr_advanced_warning_given" />
          </marker>
        </and>
      </condition>
      <otherwise>
        <marker id="Rules_Separation_doc/18/5" condition="false">
          <false-value />
        </marker>
      </otherwise>
    </conclude>
    <conclude attr-id="fpr_terminated_misconduct" entity-id="global" scope-id="global0" heuristic="true">
      <value>
        <marker id="Rules_Separation_doc/19/1" condition="false">
          <true-value />
        </marker>
      </value>
      <condition>
        <marker id="Rules_Separation_doc/19/2">
          <conclude attr-id="cite_fpr_341_370_6" entity-id="global" scope-id="global0">
            <value>
              <marker id="Rules_Separation_doc/19/3" condition="false">
                <true-value />
              </marker>
            </value>
            <condition>
              <and>
                <marker id="Rules_Separation_doc/19/4">
                  <attribute attr-id="employer_separation" />
                </marker>
                <marker id="Rules_Separation_doc/19/5">
                  <attribute attr-id="b15@Rules_Separation_doc" />
                </marker>
                <or>
                  <marker id="Rules_Separation_doc/19/6">
                    <attribute attr-id="b45@Rules_Separation_doc" />
                  </marker>
                  <marker id="Rules_Separation_doc/19/7">
                    <not>
                      <attribute attr-id="b39@Rules_Separation_doc" />
                    </not>
                  </marker>
                  <marker id="Rules_Separation_doc/19/8">
                    <attribute attr-id="fpr_falsified_app" />
                  </marker>
                  <marker id="Rules_Separation_doc/19/9">
                    <attribute attr-id="fpr_willfully_violated_rule" />
                  </marker>
                  <marker id="Rules_Separation_doc/19/10">
                    <attribute attr-id="fpr_bad_attendance" />
                  </marker>
                  <marker id="Rules_Separation_doc/19/11">
                    <attribute attr-id="fpr_property_damage" />
                  </marker>
                  <marker id="Rules_Separation_doc/19/12">
                    <attribute attr-id="fpr_refused_to_obey" />
                  </marker>
                  <marker id="Rules_Separation_doc/19/13">
                    <attribute attr-id="b60@Rules_Separation_doc" />
                  </marker>
                  <marker id="Rules_Separation_doc/19/14">
                    <attribute attr-id="fpr_conduct_endangerment" />
                  </marker>
                  <marker id="Rules_Separation_doc/19/15">
                    <attribute attr-id="fpr_in_jail_4_5" />
                  </marker>
                </or>
              </and>
            </condition>
            <otherwise>
              <marker id="Rules_Separation_doc/19/16" condition="false">
                <false-value />
              </marker>
            </otherwise>
          </conclude>
        </marker>
      </condition>
    </conclude>
    <conclude attr-id="b60@Rules_Separation_doc" entity-id="global" scope-id="global0">
      <value>
        <marker id="Rules_Separation_doc/20/1" condition="false">
          <true-value />
        </marker>
      </value>
      <condition>
        <or>
          <marker id="Rules_Separation_doc/20/2">
            <attribute attr-id="fpr_alcohol_drugs_on_arrival" />
          </marker>
          <marker id="Rules_Separation_doc/20/3">
            <attribute attr-id="fpr_alcohol_drugs_onsite" />
          </marker>
        </or>
      </condition>
      <otherwise>
        <marker id="Rules_Separation_doc/20/4" condition="false">
          <false-value />
        </marker>
      </otherwise>
    </conclude>
    <conclude attr-id="b8@Rules_Separation_doc" entity-id="global" scope-id="global0">
      <value>
        <marker id="Rules_Separation_doc/21/1" condition="false">
          <true-value />
        </marker>
      </value>
      <condition>
        <marker id="Rules_Separation_doc/21/2">
          <conclude attr-id="b65@Rules_Separation_doc" entity-id="global" scope-id="global0">
            <value>
              <marker id="Rules_Separation_doc/21/3" condition="false">
                <true-value />
              </marker>
            </value>
            <condition>
              <or>
                <or>
                  <marker id="Rules_Separation_doc/21/4">
                    <attribute attr-id="fpr_nmr_concur_mrw" />
                  </marker>
                  <marker id="Rules_Separation_doc/21/5">
                    <attribute attr-id="fpr_left_100_miles" />
                  </marker>
                  <marker id="Rules_Separation_doc/21/6">
                    <attribute attr-id="fpr_job_offer_accepted" />
                  </marker>
                  <marker id="Rules_Separation_doc/21/7">
                    <not>
                      <attribute attr-id="b91@Rules_Separation_doc" />
                    </not>
                  </marker>
                </or>
                <marker id="Rules_Separation_doc/21/8">
                  <conclude attr-id="b69@Rules_Separation_doc" entity-id="global" scope-id="global0">
                    <value>
                      <marker id="Rules_Separation_doc/21/9" condition="false">
                        <true-value />
                      </marker>
                    </value>
                    <condition>
                      <and>
                        <marker id="Rules_Separation_doc/21/10">
                          <attribute attr-id="fpr_spouse_reassigned_mil" />
                        </marker>
                        <marker id="Rules_Separation_doc/21/11">
                          <attribute attr-id="fpr_spouse_statute_simiar" />
                        </marker>
                      </and>
                    </condition>
                    <otherwise>
                      <marker id="Rules_Separation_doc/21/12" condition="false">
                        <false-value />
                      </marker>
                    </otherwise>
                  </conclude>
                </marker>
              </or>
            </condition>
            <otherwise>
              <marker id="Rules_Separation_doc/21/13" condition="false">
                <false-value />
              </marker>
            </otherwise>
          </conclude>
        </marker>
      </condition>
      <otherwise>
        <marker id="Rules_Separation_doc/21/14" condition="false">
          <false-value />
        </marker>
      </otherwise>
    </conclude>
    <conclude attr-id="b28@Rules_Separation_doc" entity-id="global" scope-id="global0">
      <value>
        <marker id="Rules_WeightOfEvidence_doc/0/1" condition="false">
          <true-value />
        </marker>
      </value>
      <condition>
        <and>
          <marker id="Rules_WeightOfEvidence_doc/0/2">
            <attribute attr-id="fpr_employer_has_weight" />
          </marker>
          <or>
            <marker id="Rules_WeightOfEvidence_doc/0/3">
              <attribute attr-id="fpr_employer_provide_docs" />
            </marker>
            <marker id="Rules_WeightOfEvidence_doc/0/4">
              <attribute attr-id="fpr_witness_to_misconduct" />
            </marker>
            <marker id="Rules_WeightOfEvidence_doc/0/5">
              <attribute attr-id="fpr_notified_about_jeopardy" />
            </marker>
          </or>
          <and>
            <marker id="Rules_WeightOfEvidence_doc/0/6">
              <attribute attr-id="fpr_emp_knows_policy" />
            </marker>
            <marker id="Rules_WeightOfEvidence_doc/0/7">
              <attribute attr-id="fpr_policy_enforced" />
            </marker>
          </and>
        </and>
      </condition>
      <otherwise>
        <marker id="Rules_WeightOfEvidence_doc/0/8" condition="false">
          <false-value />
        </marker>
      </otherwise>
    </conclude>
    <conclude attr-id="b25@Rules_WeightOfEvidence_doc" entity-id="global" scope-id="global0">
      <value>
        <marker id="Rules_WeightOfEvidence_doc/1/1" condition="false">
          <true-value />
        </marker>
      </value>
      <condition>
        <marker id="Rules_WeightOfEvidence_doc/1/2">
          <attribute attr-id="employer_separation" />
        </marker>
      </condition>
      <otherwise>
        <marker id="Rules_WeightOfEvidence_doc/1/3" condition="false">
          <false-value />
        </marker>
      </otherwise>
    </conclude>
    <conclude attr-id="b22@Rules_Separation_doc" entity-id="global" scope-id="global0">
      <value>
        <marker id="Rules_WeightOfEvidence_doc/2/1" condition="false">
          <true-value />
        </marker>
      </value>
      <condition>
        <and>
          <marker id="Rules_WeightOfEvidence_doc/2/2">
            <attribute attr-id="fpr_retired" />
          </marker>
          <marker id="Rules_WeightOfEvidence_doc/2/3">
            <not>
              <attribute attr-id="b14@Rules_WeightOfEvidence_doc" />
            </not>
          </marker>
        </and>
      </condition>
      <otherwise>
        <marker id="Rules_WeightOfEvidence_doc/2/4" condition="false">
          <false-value />
        </marker>
      </otherwise>
    </conclude>
    <conclude attr-id="b14@Rules_WeightOfEvidence_doc" entity-id="global" scope-id="global0">
      <value>
        <marker id="Rules_WeightOfEvidence_doc/3/1" condition="false">
          <true-value />
        </marker>
      </value>
      <condition>
        <and>
          <marker id="Rules_WeightOfEvidence_doc/3/2">
            <attribute attr-id="fpr_retire_pursuant_plan" />
          </marker>
          <marker id="Rules_WeightOfEvidence_doc/3/3">
            <attribute attr-id="fpr_plan_has_ret_benefits" />
          </marker>
          <marker id="Rules_WeightOfEvidence_doc/3/4">
            <conclude attr-id="b28@Rules_WeightOfEvidence_doc" entity-id="global" scope-id="global0">
              <value>
                <marker id="Rules_WeightOfEvidence_doc/3/5" condition="false">
                  <true-value />
                </marker>
              </value>
              <condition>
                <and>
                  <marker id="Rules_WeightOfEvidence_doc/3/6">
                    <attribute attr-id="fpr_at_agreed_retirement_age" />
                  </marker>
                  <or>
                    <marker id="Rules_WeightOfEvidence_doc/3/7">
                      <attribute attr-id="fpr_retire_age_agreed" />
                    </marker>
                    <marker id="Rules_WeightOfEvidence_doc/3/8">
                      <attribute attr-id="fpr_accept_mand_ret_age" />
                    </marker>
                  </or>
                </and>
              </condition>
              <otherwise>
                <marker id="Rules_WeightOfEvidence_doc/3/9" condition="false">
                  <false-value />
                </marker>
              </otherwise>
            </conclude>
          </marker>
        </and>
      </condition>
      <otherwise>
        <marker id="Rules_WeightOfEvidence_doc/3/10" condition="false">
          <false-value />
        </marker>
      </otherwise>
    </conclude>
    <conclude attr-id="b1@Rules_Chargeability_doc" entity-id="global" scope-id="global0">
      <value>
        <marker id="Rules_Chargeability_doc/0/1" condition="false">
          <true-value />
        </marker>
      </value>
      <condition>
        <or>
          <and>
            <marker id="Rules_Chargeability_doc/0/2">
              <attribute attr-id="fpr_employer_is_chargeable" />
            </marker>
            <marker id="Rules_Chargeability_doc/0/3">
              <not>
                <attribute attr-id="b3@Rules_Chargeability_doc" />
              </not>
            </marker>
          </and>
          <and>
            <marker id="Rules_Chargeability_doc/0/4">
              <attribute attr-id="fpr_employer_is_a_fed" />
            </marker>
            <marker id="Rules_Chargeability_doc/0/5">
              <attribute attr-id="fpr_had_fed_wages" />
            </marker>
          </and>
        </or>
      </condition>
      <otherwise>
        <marker id="Rules_Chargeability_doc/0/6" condition="false">
          <false-value />
        </marker>
      </otherwise>
    </conclude>
    <conclude attr-id="b3@Rules_Chargeability_doc" entity-id="global" scope-id="global0">
      <value>
        <marker id="Rules_Chargeability_doc/1/1" condition="false">
          <true-value />
        </marker>
      </value>
      <condition>
        <and>
          <marker id="Rules_Chargeability_doc/1/2">
            <not>
              <attribute attr-id="b4@Rules_Chargeability_doc" />
            </not>
          </marker>
          <or>
            <and>
              <marker id="Rules_Chargeability_doc/1/3">
                <attribute attr-id="fpr_employer_made_protest" />
              </marker>
              <or>
                <marker id="Rules_Chargeability_doc/1/4">
                  <attribute attr-id="fpr_less_than_full_from_doh" />
                </marker>
                <marker id="Rules_Chargeability_doc/1/5">
                  <not>
                    <attribute attr-id="b14@Properties_Properties_xsrc" />
                  </not>
                </marker>
              </or>
            </and>
            <or>
              <marker id="Rules_Chargeability_doc/1/6">
                <attribute attr-id="b69@Rules_Separation_doc" />
              </marker>
              <marker id="Rules_Chargeability_doc/1/7">
                <attribute attr-id="b9@Rules_Chargeability_doc" />
              </marker>
              <marker id="Rules_Chargeability_doc/1/8">
                <attribute attr-id="fpr_current_is_eb" />
              </marker>
              <marker id="Rules_Chargeability_doc/1/9">
                <attribute attr-id="fpr_job_offer_accepted" />
              </marker>
              <marker id="Rules_Chargeability_doc/1/10">
                <attribute attr-id="fpr_nmr_concur_mrw" />
              </marker>
            </or>
          </or>
        </and>
      </condition>
      <otherwise>
        <marker id="Rules_Chargeability_doc/1/11" condition="false">
          <false-value />
        </marker>
      </otherwise>
    </conclude>
    <conclude attr-id="b2@Rules_Chargeability_doc" entity-id="global" scope-id="global0">
      <value>
        <marker id="Rules_Chargeability_doc/2/1" condition="false">
          <true-value />
        </marker>
      </value>
      <condition>
        <and>
          <marker id="Rules_Chargeability_doc/2/2">
            <attribute attr-id="fpr_employer_is_ten_week" />
          </marker>
          <marker id="Rules_Chargeability_doc/2/3">
            <not>
              <attribute attr-id="b9@Rules_Chargeability_doc" />
            </not>
          </marker>
        </and>
      </condition>
      <otherwise>
        <marker id="Rules_Chargeability_doc/2/4" condition="false">
          <false-value />
        </marker>
      </otherwise>
    </conclude>
    <conclude attr-id="b4@Rules_Chargeability_doc" entity-id="global" scope-id="global0">
      <value>
        <marker id="Rules_Chargeability_doc/3/1" condition="false">
          <true-value />
        </marker>
      </value>
      <condition>
        <and>
          <marker id="Rules_Chargeability_doc/3/2">
            <not>
              <attribute attr-id="fpr_employer_has_reserve" />
            </not>
          </marker>
          <or>
            <marker id="Rules_Chargeability_doc/3/3">
              <attribute attr-id="fpr_empl_is_not_for_profit" />
            </marker>
            <marker id="Rules_Chargeability_doc/3/4">
              <attribute attr-id="fpr_employer_is_a_gov" />
            </marker>
          </or>
        </and>
      </condition>
      <otherwise>
        <marker id="Rules_Chargeability_doc/3/5" condition="false">
          <false-value />
        </marker>
      </otherwise>
    </conclude>
    <conclude attr-id="b9@Rules_Chargeability_doc" entity-id="global" scope-id="global0">
      <value>
        <marker id="Rules_Chargeability_doc/4/1" condition="false">
          <true-value />
        </marker>
      </value>
      <condition>
        <marker id="Rules_Chargeability_doc/4/2">
          <not>
            <attribute attr-id="fpr_employ_has_acct_in_ky" />
          </not>
        </marker>
      </condition>
      <otherwise>
        <marker id="Rules_Chargeability_doc/4/3" condition="false">
          <false-value />
        </marker>
      </otherwise>
    </conclude>
    <conclude attr-id="b7@Rules_NSReasonableAssurance_doc" entity-id="global" scope-id="global0">
      <value>
        <marker id="Rules_NSReasonableAssurance_doc/0/1" condition="false">
          <true-value />
        </marker>
      </value>
      <condition>
        <and>
          <marker id="Rules_NSReasonableAssurance_doc/0/2">
            <attribute attr-id="b1@Rules_NSReasonableAssurance_doc" />
          </marker>
          <marker id="Rules_NSReasonableAssurance_doc/0/3">
            <attribute attr-id="b2@Rules_NSReasonableAssurance_doc" />
          </marker>
          <marker id="Rules_NSReasonableAssurance_doc/0/4">
            <attribute attr-id="fpr_has_educational_wages" />
          </marker>
          <marker id="Rules_NSReasonableAssurance_doc/0/5">
            <attribute attr-id="fpr_return_after_break" />
          </marker>
          <marker id="Rules_NSReasonableAssurance_doc/0/6">
            <attribute attr-id="fpr_return_like_position" />
          </marker>
          <marker id="Rules_NSReasonableAssurance_doc/0/7">
            <not>
              <attribute attr-id="fpr_school_wages_removed" />
            </not>
          </marker>
        </and>
      </condition>
      <otherwise>
        <marker id="Rules_NSReasonableAssurance_doc/0/8" condition="false">
          <false-value />
        </marker>
      </otherwise>
    </conclude>
    <conclude attr-id="b1@Rules_NSReasonableAssurance_doc" entity-id="global" scope-id="global0">
      <value>
        <marker id="Rules_NSReasonableAssurance_doc/1/1" condition="false">
          <true-value />
        </marker>
      </value>
      <condition>
        <and>
          <marker id="Rules_NSReasonableAssurance_doc/1/2">
            <attribute attr-id="b2@Rules_NSReasonableAssurance_doc" />
          </marker>
          <marker id="Rules_NSReasonableAssurance_doc/1/3">
            <attribute attr-id="fpr_has_educational_wages" />
          </marker>
        </and>
      </condition>
      <otherwise>
        <marker id="Rules_NSReasonableAssurance_doc/1/4" condition="false">
          <false-value />
        </marker>
      </otherwise>
    </conclude>
    <conclude attr-id="b2@Rules_NSReasonableAssurance_doc" entity-id="global" scope-id="global0">
      <value>
        <marker id="Rules_NSReasonableAssurance_doc/2/1" condition="false">
          <true-value />
        </marker>
      </value>
      <condition>
        <and>
          <marker id="Rules_NSReasonableAssurance_doc/2/2">
            <attribute attr-id="fpr_school_has_classes" />
          </marker>
          <marker id="Rules_NSReasonableAssurance_doc/2/3">
            <attribute attr-id="fpr_school_is_licensed" />
          </marker>
          <marker id="Rules_NSReasonableAssurance_doc/2/4">
            <attribute attr-id="fpr_study_good_for_gain" />
          </marker>
        </and>
      </condition>
      <otherwise>
        <marker id="Rules_NSReasonableAssurance_doc/2/5" condition="false">
          <false-value />
        </marker>
      </otherwise>
    </conclude>
    <conclude attr-id="b21@Properties_Properties_xsrc" entity-id="global" scope-id="global0">
      <value>
        <marker id="Rules_NSReasonableAssurance_doc/3/1" condition="false">
          <true-value />
        </marker>
      </value>
      <condition>
        <and>
          <marker id="Rules_NSReasonableAssurance_doc/3/2">
            <attribute attr-id="b15@Rules_NSReasonableAssurance_doc" />
          </marker>
          <marker id="Rules_NSReasonableAssurance_doc/3/3">
            <attribute attr-id="fpr_same_work_next_season" />
          </marker>
          <marker id="Rules_NSReasonableAssurance_doc/3/4">
            <attribute attr-id="fpr_return_next_season" />
          </marker>
        </and>
      </condition>
      <otherwise>
        <marker id="Rules_NSReasonableAssurance_doc/3/5" condition="false">
          <false-value />
        </marker>
      </otherwise>
    </conclude>
    <conclude attr-id="b15@Rules_NSReasonableAssurance_doc" entity-id="global" scope-id="global0">
      <value>
        <marker id="Rules_NSReasonableAssurance_doc/4/1" condition="false">
          <true-value />
        </marker>
      </value>
      <condition>
        <and>
          <marker id="Rules_NSReasonableAssurance_doc/4/2">
            <attribute attr-id="fpr_paid_athletic_participant" />
          </marker>
          <marker id="Rules_NSReasonableAssurance_doc/4/3">
            <attribute attr-id="fpr_paid_athletic_trainer" />
          </marker>
        </and>
      </condition>
      <otherwise>
        <marker id="Rules_NSReasonableAssurance_doc/4/4" condition="false">
          <false-value />
        </marker>
      </otherwise>
    </conclude>
    <conclude attr-id="fpr_claimant_is_payable" entity-id="global" scope-id="global0">
      <value>
        <marker id="Rules_RuleBaseGoals_doc/0/1" condition="false">
          <true-value />
        </marker>
      </value>
      <condition>
        <and>
          <marker id="Rules_RuleBaseGoals_doc/0/2">
            <attribute attr-id="fpr_monetarily_eligible" />
          </marker>
          <marker id="Rules_RuleBaseGoals_doc/0/3">
            <attribute attr-id="b14@Properties_Properties_xsrc" />
          </marker>
          <marker id="Rules_RuleBaseGoals_doc/0/4">
            <not>
              <attribute attr-id="b74@Rules_EmploymentStatus_doc" />
            </not>
          </marker>
          <marker id="Rules_RuleBaseGoals_doc/0/5">
            <attribute attr-id="b8@Rules_RuleBaseGoals_doc" />
          </marker>
          <marker id="Rules_RuleBaseGoals_doc/0/6">
            <attribute attr-id="b5@Rules_RuleBaseGoals_doc" />
          </marker>
        </and>
      </condition>
      <otherwise>
        <marker id="Rules_RuleBaseGoals_doc/0/7" condition="false">
          <false-value />
        </marker>
      </otherwise>
    </conclude>
    <conclude attr-id="b5@Rules_RuleBaseGoals_doc" entity-id="global" scope-id="global0">
      <value>
        <marker id="Rules_RuleBaseGoals_doc/1/1" condition="false">
          <true-value />
        </marker>
      </value>
      <condition>
        <and>
          <marker id="Rules_RuleBaseGoals_doc/1/2">
            <not>
              <attribute attr-id="b7@Rules_NSReasonableAssurance_doc" />
            </not>
          </marker>
          <marker id="Rules_RuleBaseGoals_doc/1/3">
            <not>
              <attribute attr-id="b21@Properties_Properties_xsrc" />
            </not>
          </marker>
          <marker id="Rules_RuleBaseGoals_doc/1/4">
            <attribute attr-id="b11@Rules_RuleBaseGoals_doc" />
          </marker>
          <marker id="Rules_RuleBaseGoals_doc/1/5">
            <not>
              <attribute attr-id="b10@Rules_RuleBaseGoals_doc" />
            </not>
          </marker>
        </and>
      </condition>
      <otherwise>
        <marker id="Rules_RuleBaseGoals_doc/1/6" condition="false">
          <false-value />
        </marker>
      </otherwise>
    </conclude>
    <conclude attr-id="b8@Rules_RuleBaseGoals_doc" entity-id="global" scope-id="global0">
      <value>
        <marker id="Rules_AbleAvailable_doc/0/1" condition="false">
          <true-value />
        </marker>
      </value>
      <condition>
        <and>
          <marker id="Rules_AbleAvailable_doc/0/2">
            <attribute attr-id="fpr_physically_able_to_work" />
          </marker>
          <marker id="Rules_AbleAvailable_doc/0/3">
            <attribute attr-id="fpr_mentally_able" />
          </marker>
          <marker id="Rules_AbleAvailable_doc/0/4">
            <attribute attr-id="fpr_available_for_work" />
          </marker>
          <marker id="Rules_AbleAvailable_doc/0/5">
            <attribute attr-id="b5@Rules_AbleAvailable_doc" />
          </marker>
        </and>
      </condition>
      <otherwise>
        <marker id="Rules_AbleAvailable_doc/0/6" condition="false">
          <false-value />
        </marker>
      </otherwise>
    </conclude>
    <conclude attr-id="fpr_available_for_work" entity-id="global" scope-id="global0" heuristic="true">
      <value>
        <marker id="Rules_AbleAvailable_doc/1/1" condition="false">
          <false-value />
        </marker>
      </value>
      <condition>
        <or>
          <marker id="Rules_AbleAvailable_doc/1/2">
            <attribute attr-id="b6@Rules_AbleAvailable_doc" />
          </marker>
          <marker id="Rules_AbleAvailable_doc/1/3">
            <attribute attr-id="b17@Rules_AbleAvailable_doc" />
          </marker>
          <marker id="Rules_AbleAvailable_doc/1/4">
            <attribute attr-id="b23@Rules_AbleAvailable_doc" />
          </marker>
          <marker id="Rules_AbleAvailable_doc/1/5">
            <attribute attr-id="b24@Rules_AbleAvailable_doc" />
          </marker>
          <marker id="Rules_AbleAvailable_doc/1/6">
            <attribute attr-id="fpr_se_restricts_available" />
          </marker>
        </or>
      </condition>
    </conclude>
    <conclude attr-id="b38@Rules_AbleAvailable_doc" entity-id="global" scope-id="global0">
      <value>
        <marker id="Rules_AbleAvailable_doc/2/1" condition="false">
          <true-value />
        </marker>
      </value>
      <condition>
        <and>
          <or>
            <marker id="Rules_AbleAvailable_doc/2/2">
              <attribute attr-id="fpr_self_employed" />
            </marker>
            <marker id="Rules_AbleAvailable_doc/2/3">
              <attribute attr-id="fpr_on_commission_basis" />
            </marker>
            <marker id="Rules_AbleAvailable_doc/2/4">
              <attribute attr-id="fpr_is_corporate_officer" />
            </marker>
          </or>
          <or>
            <marker id="Rules_AbleAvailable_doc/2/5">
              <attribute attr-id="fpr_se_prevents_search" />
            </marker>
            <marker id="Rules_AbleAvailable_doc/2/6">
              <attribute attr-id="fpr_se_prevents_accept" />
            </marker>
          </or>
        </and>
      </condition>
      <otherwise>
        <marker id="Rules_AbleAvailable_doc/2/7" condition="false">
          <false-value />
        </marker>
      </otherwise>
    </conclude>
    <conclude attr-id="b24@Rules_AbleAvailable_doc" entity-id="global" scope-id="global0">
      <value>
        <marker id="Rules_AbleAvailable_doc/3/1" condition="false">
          <true-value />
        </marker>
      </value>
      <condition>
        <and>
          <marker id="Rules_AbleAvailable_doc/3/2">
            <attribute attr-id="fpr_is_incarcerated" />
          </marker>
          <or>
            <marker id="Rules_AbleAvailable_doc/3/3">
              <attribute attr-id="fpr_jail_no_search" />
            </marker>
            <marker id="Rules_AbleAvailable_doc/3/4">
              <attribute attr-id="fpr_jail_no_accept" />
            </marker>
          </or>
        </and>
      </condition>
      <otherwise>
        <marker id="Rules_AbleAvailable_doc/3/5" condition="false">
          <false-value />
        </marker>
      </otherwise>
    </conclude>
    <conclude attr-id="b23@Rules_AbleAvailable_doc" entity-id="global" scope-id="global0">
      <value>
        <marker id="Rules_AbleAvailable_doc/4/1" condition="false">
          <true-value />
        </marker>
      </value>
      <condition>
        <and>
          <marker id="Rules_AbleAvailable_doc/4/2">
            <attribute attr-id="fpr_caregiver" />
          </marker>
          <marker id="Rules_AbleAvailable_doc/4/3">
            <not>
              <attribute attr-id="fpr_alternate_dep_care" />
            </not>
          </marker>
          <or>
            <marker id="Rules_AbleAvailable_doc/4/4">
              <attribute attr-id="fpr_caregiver_prevent_search" />
            </marker>
            <marker id="Rules_AbleAvailable_doc/4/5">
              <attribute attr-id="fpr_caregiver_prevent_obtain" />
            </marker>
          </or>
        </and>
      </condition>
      <otherwise>
        <marker id="Rules_AbleAvailable_doc/4/6" condition="false">
          <false-value />
        </marker>
      </otherwise>
    </conclude>
    <conclude attr-id="b17@Rules_AbleAvailable_doc" entity-id="global" scope-id="global0">
      <value>
        <marker id="Rules_AbleAvailable_doc/5/1" condition="false">
          <true-value />
        </marker>
      </value>
      <condition>
        <and>
          <marker id="Rules_AbleAvailable_doc/5/2">
            <attribute attr-id="fpr_is_in_school" />
          </marker>
          <marker id="Rules_AbleAvailable_doc/5/3">
            <not>
              <attribute attr-id="fpr_is_an_apprentice" />
            </not>
          </marker>
          <marker id="Rules_AbleAvailable_doc/5/4">
            <not>
              <attribute attr-id="fpr_tra_approved" />
            </not>
          </marker>
          <or>
            <marker id="Rules_AbleAvailable_doc/5/5">
              <attribute attr-id="fpr_school_prevents_search" />
            </marker>
            <marker id="Rules_AbleAvailable_doc/5/6">
              <attribute attr-id="fpr_school_prevents_work" />
            </marker>
          </or>
        </and>
      </condition>
      <otherwise>
        <marker id="Rules_AbleAvailable_doc/5/7" condition="false">
          <false-value />
        </marker>
      </otherwise>
    </conclude>
    <conclude attr-id="fpr_mentally_able" entity-id="global" scope-id="global0" heuristic="true">
      <value>
        <marker id="Rules_AbleAvailable_doc/6/1" condition="false">
          <false-value />
        </marker>
      </value>
      <condition>
        <and>
          <marker id="Rules_AbleAvailable_doc/6/2">
            <attribute attr-id="b40@Rules_AbleAvailable_doc" />
          </marker>
          <marker id="Rules_AbleAvailable_doc/6/3">
            <attribute attr-id="b41@Rules_AbleAvailable_doc" />
          </marker>
        </and>
      </condition>
    </conclude>
    <conclude attr-id="fpr_physically_able_to_work" entity-id="global" scope-id="global0" heuristic="true">
      <value>
        <marker id="Rules_AbleAvailable_doc/7/1" condition="false">
          <false-value />
        </marker>
      </value>
      <condition>
        <and>
          <marker id="Rules_AbleAvailable_doc/7/2">
            <attribute attr-id="b42@Rules_AbleAvailable_doc" />
          </marker>
          <marker id="Rules_AbleAvailable_doc/7/3">
            <attribute attr-id="b43@Rules_AbleAvailable_doc" />
          </marker>
        </and>
      </condition>
    </conclude>
    <conclude attr-id="b6@Rules_AbleAvailable_doc" entity-id="global" scope-id="global0">
      <value>
        <marker id="Rules_AbleAvailable_doc/8/1" condition="false">
          <true-value />
        </marker>
      </value>
      <condition>
        <and>
          <marker id="Rules_AbleAvailable_doc/8/2">
            <not>
              <attribute attr-id="fpr_alternate_transportation" />
            </not>
          </marker>
          <or>
            <marker id="Rules_AbleAvailable_doc/8/3">
              <attribute attr-id="fpr_no_ride_no_search" />
            </marker>
            <marker id="Rules_AbleAvailable_doc/8/4">
              <attribute attr-id="fpr_no_ride_no_accept" />
            </marker>
          </or>
        </and>
      </condition>
      <otherwise>
        <marker id="Rules_AbleAvailable_doc/8/5" condition="false">
          <false-value />
        </marker>
      </otherwise>
    </conclude>
    <conclude attr-id="b5@Rules_AbleAvailable_doc" entity-id="global" scope-id="global0">
      <value>
        <marker id="Rules_AbleAvailable_doc/9/1" condition="false">
          <true-value />
        </marker>
      </value>
      <condition>
        <and>
          <marker id="Rules_AbleAvailable_doc/9/2">
            <attribute attr-id="fpr_looking_for_work" />
          </marker>
          <marker id="Rules_AbleAvailable_doc/9/3">
            <attribute attr-id="fpr_claimant_wants_job" />
          </marker>
        </and>
      </condition>
      <otherwise>
        <marker id="Rules_AbleAvailable_doc/9/4" condition="false">
          <false-value />
        </marker>
      </otherwise>
    </conclude>
    <conclude attr-id="b11@Rules_RuleBaseGoals_doc" entity-id="global" scope-id="global0">
      <value>
        <marker id="Rules_TinySection_doc/0/1" condition="false">
          <true-value />
        </marker>
      </value>
      <condition>
        <or>
          <marker id="Rules_TinySection_doc/0/2">
            <attribute attr-id="fpr_is_us_citizen" />
          </marker>
          <marker id="Rules_TinySection_doc/0/3">
            <attribute attr-id="b1@Rules_TinySection_doc" />
          </marker>
        </or>
      </condition>
      <otherwise>
        <marker id="Rules_TinySection_doc/0/4" condition="false">
          <false-value />
        </marker>
      </otherwise>
    </conclude>
    <conclude attr-id="b1@Rules_TinySection_doc" entity-id="global" scope-id="global0">
      <value>
        <marker id="Rules_TinySection_doc/1/1" condition="false">
          <true-value />
        </marker>
      </value>
      <condition>
        <and>
          <marker id="Rules_TinySection_doc/1/2">
            <attribute attr-id="b10@Rules_TinySection_doc" />
          </marker>
          <or>
            <marker id="Rules_TinySection_doc/1/3">
              <attribute attr-id="fpr_has_valid_alien_number" />
            </marker>
            <or>
              <marker id="Rules_TinySection_doc/1/4">
                <attribute attr-id="fpr_lawful_res_at_work_time" />
              </marker>
              <marker id="Rules_TinySection_doc/1/5">
                <attribute attr-id="fpr_lawful_present_for_work" />
              </marker>
              <marker id="Rules_TinySection_doc/1/6">
                <attribute attr-id="fpr_res_in_us_under_color" />
              </marker>
              <marker id="Rules_TinySection_doc/1/7">
                <attribute attr-id="fpr_lawful_in_us_ina" />
              </marker>
            </or>
          </or>
        </and>
      </condition>
      <otherwise>
        <marker id="Rules_TinySection_doc/1/8" condition="false">
          <false-value />
        </marker>
      </otherwise>
    </conclude>
    <conclude attr-id="b10@Rules_TinySection_doc" entity-id="global" scope-id="global0">
      <value>
        <marker id="Rules_TinySection_doc/2/1" condition="false">
          <true-value />
        </marker>
      </value>
      <condition>
        <marker id="Rules_TinySection_doc/2/2">
          <not>
            <attribute attr-id="fpr_is_us_citizen" />
          </not>
        </marker>
      </condition>
      <otherwise>
        <marker id="Rules_TinySection_doc/2/3" condition="false">
          <false-value />
        </marker>
      </otherwise>
    </conclude>
    <conclude attr-id="b2@Rules_TinySection_doc" entity-id="global" scope-id="global0">
      <value>
        <marker id="Rules_TinySection_doc/3/1" condition="false">
          <true-value />
        </marker>
      </value>
      <condition>
        <or>
          <marker id="Rules_TinySection_doc/3/2">
            <attribute attr-id="fpr_on_strike" />
          </marker>
          <marker id="Rules_TinySection_doc/3/3">
            <attribute attr-id="fpr_employer_lockout" />
          </marker>
        </or>
      </condition>
      <otherwise>
        <marker id="Rules_TinySection_doc/3/4" condition="false">
          <false-value />
        </marker>
      </otherwise>
    </conclude>
    <conclude attr-id="b10@Rules_RuleBaseGoals_doc" entity-id="global" scope-id="global0">
      <value>
        <marker id="Rules_TinySection_doc/4/1" condition="false">
          <false-value />
        </marker>
      </value>
      <condition>
        <and>
          <marker id="Rules_TinySection_doc/4/2">
            <not>
              <attribute attr-id="fpr_work_is_suitable" />
            </not>
          </marker>
          <marker id="Rules_TinySection_doc/4/3">
            <attribute attr-id="fpr_offered_bonafide_work" />
          </marker>
        </and>
      </condition>
      <otherwise>
        <marker id="Rules_TinySection_doc/4/4" condition="false">
          <true-value />
        </marker>
      </otherwise>
    </conclude>
    <conclude attr-id="fpr_work_is_suitable" entity-id="global" scope-id="global0" heuristic="true">
      <value>
        <marker id="Rules_TinySection_doc/5/1" condition="false">
          <false-value />
        </marker>
      </value>
      <condition>
        <or>
          <or>
            <marker id="Rules_TinySection_doc/5/2">
              <attribute attr-id="fpr_work_involves_risk" />
            </marker>
            <marker id="Rules_TinySection_doc/5/3">
              <attribute attr-id="fpr_risk_involved_health" />
            </marker>
            <marker id="Rules_TinySection_doc/5/4">
              <attribute attr-id="fpr_physically_unfit_for_work" />
            </marker>
            <marker id="Rules_TinySection_doc/5/5">
              <attribute attr-id="fpr_prior_train_useless" />
            </marker>
            <marker id="Rules_TinySection_doc/5/6">
              <not>
                <attribute attr-id="fpr_experience_comp" />
              </not>
            </marker>
            <marker id="Rules_TinySection_doc/5/7">
              <not>
                <attribute attr-id="fpr_comparable_wages" />
              </not>
            </marker>
            <marker id="Rules_TinySection_doc/5/8">
              <attribute attr-id="fpr_secretary_pertinent" />
            </marker>
          </or>
          <or>
            <marker id="Rules_TinySection_doc/5/9">
              <attribute attr-id="fpr_vacant_via_dispute" />
            </marker>
            <marker id="Rules_TinySection_doc/5/10">
              <attribute attr-id="fpr_bad_prevailing_work" />
            </marker>
            <marker id="Rules_TinySection_doc/5/11">
              <attribute attr-id="fpr_join_union_or_resign" />
            </marker>
            <marker id="Rules_TinySection_doc/5/12">
              <attribute attr-id="fpr_prejudice_relationship" />
            </marker>
          </or>
          <marker id="Rules_TinySection_doc/5/13">
            <attribute attr-id="b25@Rules_TinySection_doc" />
          </marker>
        </or>
      </condition>
    </conclude>
    <conclude attr-id="b25@Rules_TinySection_doc" entity-id="global" scope-id="global0">
      <value>
        <marker id="Rules_TinySection_doc/6/1" condition="false">
          <true-value />
        </marker>
      </value>
      <condition>
        <and>
          <marker id="Rules_TinySection_doc/6/2">
            <attribute attr-id="fpr_length_nowork_consider" />
          </marker>
          <marker id="Rules_TinySection_doc/6/3">
            <attribute attr-id="fpr_secure_customary_work" />
          </marker>
          <marker id="Rules_TinySection_doc/6/4">
            <attribute attr-id="fpr_commute_is_ok" />
          </marker>
        </and>
      </condition>
      <otherwise>
        <marker id="Rules_TinySection_doc/6/5" condition="false">
          <false-value />
        </marker>
      </otherwise>
    </conclude>
    <conclude attr-id="b17@Rules_DeductibleIncome_doc" entity-id="global" scope-id="global0">
      <value>
        <marker id="Rules_DeductibleIncome_doc/0/1" condition="false">
          <true-value />
        </marker>
      </value>
      <condition>
        <or>
          <marker id="Rules_DeductibleIncome_doc/0/2">
            <attribute attr-id="b19@Rules_DeductibleIncome_doc" />
          </marker>
          <marker id="Rules_DeductibleIncome_doc/0/3">
            <attribute attr-id="b34@Rules_DeductibleIncome_doc" />
          </marker>
          <marker id="Rules_DeductibleIncome_doc/0/4">
            <attribute attr-id="b22@Rules_DeductibleIncome_doc" />
          </marker>
          <marker id="Rules_DeductibleIncome_doc/0/5">
            <attribute attr-id="b5@Rules_DeductibleIncome_doc" />
          </marker>
          <marker id="Rules_DeductibleIncome_doc/0/6">
            <attribute attr-id="fpr_received_warn" />
          </marker>
          <marker id="Rules_DeductibleIncome_doc/0/7">
            <attribute attr-id="fpr_earned_mil_reserve_pay" />
          </marker>
        </or>
      </condition>
      <otherwise>
        <marker id="Rules_DeductibleIncome_doc/0/8" condition="false">
          <false-value />
        </marker>
      </otherwise>
    </conclude>
    <conclude attr-id="b19@Rules_DeductibleIncome_doc" entity-id="global" scope-id="global0">
      <value>
        <marker id="Rules_DeductibleIncome_doc/1/1" condition="false">
          <true-value />
        </marker>
      </value>
      <condition>
        <and>
          <marker id="Rules_DeductibleIncome_doc/1/2">
            <attribute attr-id="fpr_receives_pension" />
          </marker>
          <marker id="Rules_DeductibleIncome_doc/1/3">
            <attribute attr-id="fpr_sole_contributor" />
          </marker>
          <marker id="Rules_DeductibleIncome_doc/1/4">
            <attribute attr-id="fpr_employer_in_base" />
          </marker>
          <marker id="Rules_DeductibleIncome_doc/1/5">
            <not>
              <attribute attr-id="fpr_railroad_payed" />
            </not>
          </marker>
        </and>
      </condition>
      <otherwise>
        <marker id="Rules_DeductibleIncome_doc/1/6" condition="false">
          <false-value />
        </marker>
      </otherwise>
    </conclude>
    <conclude attr-id="b34@Rules_DeductibleIncome_doc" entity-id="global" scope-id="global0">
      <value>
        <marker id="Rules_DeductibleIncome_doc/2/1" condition="false">
          <true-value />
        </marker>
      </value>
      <condition>
        <marker id="Rules_DeductibleIncome_doc/2/2">
          <attribute attr-id="fpr_wages_rptd_benefit_wk" />
        </marker>
      </condition>
      <otherwise>
        <marker id="Rules_DeductibleIncome_doc/2/3" condition="false">
          <false-value />
        </marker>
      </otherwise>
    </conclude>
    <conclude attr-id="b22@Rules_DeductibleIncome_doc" entity-id="global" scope-id="global0">
      <value>
        <marker id="Rules_DeductibleIncome_doc/3/1" condition="false">
          <true-value />
        </marker>
      </value>
      <condition>
        <and>
          <marker id="Rules_DeductibleIncome_doc/3/2">
            <not>
              <attribute attr-id="fpr_lieu_wages_contracted" />
            </not>
          </marker>
          <marker id="Rules_DeductibleIncome_doc/3/3">
            <not>
              <attribute attr-id="fpr_advanced_notice_given" />
            </not>
          </marker>
          <marker id="Rules_DeductibleIncome_doc/3/4">
            <attribute attr-id="fpr_paid_for_short_notice" />
          </marker>
        </and>
      </condition>
      <otherwise>
        <marker id="Rules_DeductibleIncome_doc/3/5" condition="false">
          <false-value />
        </marker>
      </otherwise>
    </conclude>
    <conclude attr-id="b5@Rules_DeductibleIncome_doc" entity-id="global" scope-id="global0">
      <value>
        <marker id="Rules_DeductibleIncome_doc/4/1" condition="false">
          <true-value />
        </marker>
      </value>
      <condition>
        <and>
          <marker id="Rules_DeductibleIncome_doc/4/2">
            <attribute attr-id="fpr_due_vacation_pay" />
          </marker>
          <marker id="Rules_DeductibleIncome_doc/4/3">
            <attribute attr-id="fpr_vacation_prior_to_sep" />
          </marker>
          <marker id="Rules_DeductibleIncome_doc/4/4">
            <attribute attr-id="fpr_vacation_during_claim" />
          </marker>
          <marker id="Rules_DeductibleIncome_doc/4/5">
            <not>
              <attribute attr-id="fpr_employer_force_vacation" />
            </not>
          </marker>
        </and>
      </condition>
      <otherwise>
        <marker id="Rules_DeductibleIncome_doc/4/6" condition="false">
          <false-value />
        </marker>
      </otherwise>
    </conclude>
  </rules>
</rulebase>