<?xml version="1.0" encoding="utf-8"?>
<rulebase product-version="10.4.2.18" region="en-US">
  <entity text="Global" name="global" singleton="true">
    <attribute name="rb_screen_save_confirmation_displayed" type="Boolean" />
    <attribute name="rb_screen_intv_comp_disp" type="Boolean" />
    <attribute name="opa_claim_current" type="Boolean" />
    <attribute name="i_eri_date" type="Date" />
    <attribute name="i_fips_code" type="Text" />
    <attribute name="i_claim_effective_date" type="Date" />
    <attribute name="i_system_override_date" type="Date" />
    <attribute name="opa_interview_processing_date" type="Date" />
    <attribute name="opa_eri_next_interview_date" type="Date" />
    <attribute name="opa_contact_minimum" type="Text" />
    <attribute name="opa_contact_count" type="Number" />
    <attribute name="rb_add_contacts" type="Boolean" />
    <attribute name="rb_label_04" type="Boolean" />
    <attribute name="opa_selected_naics_category" type="Text" />
    <attribute name="opa_high_school_diploma" type="Boolean" />
    <attribute name="opa_opt_in_diploma_info" type="Boolean" />
    <attribute name="opa_cq_st_in_training" type="Boolean" />
    <attribute name="opa_cq_st_offered_work" type="Text" />
    <attribute name="opa_opt_in_training_info" type="Boolean" />
    <attribute name="opa_impairments" type="Boolean" />
    <attribute name="opa_visual_impairment" type="Boolean" />
    <attribute name="opa_blind_info_request" type="Boolean" />
    <attribute name="opa_functional_limitation" type="Boolean" />
    <attribute name="opa_vocational_info_request" type="Boolean" />
    <attribute name="opa_resume_assistance" type="Boolean" />
    <attribute name="opa_interview_prep" type="Boolean" />
    <attribute name="opa_job_email_help" type="Boolean" />
    <attribute name="opa_job_location_help" type="Boolean" />
    <attribute name="opa_other_job_help" type="Text" />
    <attribute name="opa_you_are_veteran" type="Boolean" />
    <attribute name="opa_separated_3_years" type="Boolean" />
    <attribute name="opa_disabled_veteran" type="Boolean" />
    <attribute name="opa_returning_to_most_recent" type="Boolean" />
    <attribute name="opa_return_to_prior_emp_date" type="Date" />
    <attribute name="opa_assisted_by_labor_union" type="Boolean" />
    <attribute name="opa_unemp_labor_dispute" type="Boolean" />
    <attribute name="i_most_recent_claim_date" type="Date" />
    <attribute name="opa_union_hall" type="Text" />
    <attribute name="opa_union_hall_phone_number" type="Text" />
    <attribute name="opa_class_code_changed_to_a" type="Boolean" />
    <attribute name="i_benefit_year_end_date" type="Date" />
    <attribute name="i_program_code" type="Text" />
    <attribute name="i_ebr_end_date" type="Date" />
    <attribute name="i_euc_end_date" type="Date" />
    <attribute name="opa_cq_st_enroll_undef" type="Boolean" />
    <attribute name="opa_cq_ab_able_to_work" type="Boolean" />
    <attribute name="opa_reasonable_effort" type="Boolean" silent="true" />
    <attribute name="opa_cq_av_for_work" type="Boolean" />
    <attribute name="opa_cq_ro_refused_work" type="Boolean" />
    <attribute name="opa_earliest_contact_date" type="Date" />
    <attribute name="opa_latest_contact_date" type="Date" />
    <attribute name="rb_entity_date_range_msg" type="Text" />
    <attribute name="opa_arp_contact_count" type="Number" />
    <attribute name="i_interstate_registration_date" type="Date" />
    <attribute name="opa_registration_addr_line1" type="Text" />
    <attribute name="opa_registration_add_line2" type="Text" />
    <attribute name="opa_registration_town_city" type="Text" />
    <attribute name="opa_registration_state" type="Text" />
    <attribute name="opa_registration_phone_number" type="Text" />
    <attribute name="opa_interstate_register_date" type="Date" />
    <attribute name="opa_registration_was_online" type="Boolean" />
    <attribute name="opa_cq_ab_why" type="Text" />
    <attribute name="opa_cq_ab_explanation_detail" type="Text" />
    <attribute name="opa_cq_ab_date_change" type="Date" />
    <attribute name="opa_cq_sk_temp_layoff" type="Boolean" />
    <attribute name="opa_cq_ab_doctors_care" type="Boolean" />
    <attribute name="opa_cq_ab_work_restrictions" type="Text" />
    <attribute name="opa_cq_ab_released_to_work" type="Boolean" />
    <attribute name="opa_cq_ab_released_date" type="Date" />
    <attribute name="opa_cq_ab_notification" type="Boolean" />
    <attribute name="opa_cq_ab_release_date" type="Date" />
    <attribute name="opa_cq_sk_layoff_return_date" type="Date" />
    <attribute name="opa_cq_sk_additional_info" type="Text" />
    <attribute name="rb_8_contacts" type="Boolean" />
    <attribute name="rb_6_contacts" type="Boolean" />
    <attribute name="rb_registration_date_defined" type="Boolean" />
    <attribute name="rb_label_01" type="Boolean" />
    <attribute name="rb_label_02" type="Boolean" />
    <attribute name="rb_label_07" type="Boolean" />
    <attribute name="rb_label_09" type="Boolean" />
    <attribute name="rb_label_10" type="Boolean" />
    <attribute name="opa_ready_to_work" type="Boolean" />
    <attribute name="rb_link_06_display" type="Boolean" />
    <attribute name="opa_cq_sk_fulltime_work" type="Text" />
    <attribute name="opa_cq_sk_problem_end_date" type="Date" />
    <attribute name="opa_cq_sk_any_employment" type="Text" />
    <attribute name="opa_registration_zipcode" type="Text" />
    <attribute name="rb_asserted_class_b_claim" type="Boolean" />
    <attribute name="opa_minimum_contacts_in_arp" type="Boolean" />
    <attribute name="opa_cq_av_limitations" type="Text" />
    <attribute name="opa_cq_av_imitation_start_date" type="Date" />
    <attribute name="opa_cq_av_limitation_end_date" type="Date" />
    <attribute name="opa_cq_av_alternatives" type="Text" />
    <attribute name="opa_cq_av_arrangements" type="Text" />
    <attribute name="opa_cq_av_additional_info" type="Text" />
    <attribute name="opa_cq_ro_offer_date" type="Date" />
    <attribute name="opa_cq_ro_offering_employer" type="Text" />
    <attribute name="opa_cq_ro_individual_name" type="Text" />
    <attribute name="opa_cq_ro_offer_method" type="Text" />
    <attribute name="opa_cq_ro_job_referral" type="Text" />
    <attribute name="opa_cq_ro_job_start_date" type="Date" />
    <attribute name="opa_cq_ro_ref_int_date" type="Date" />
    <attribute name="opa_cq_ro_job_title" type="Text" />
    <attribute name="opa_cq_ro_job_duties" type="Text" />
    <attribute name="opa_cq_ro_starting_pay" type="Text" />
    <attribute name="opa_cq_ro_hours_shift" type="Text" />
    <attribute name="opa_cq_ro_days_tobe_worked" type="Text" />
    <attribute name="opa_cq_ro_permanent_job" type="Text" />
    <attribute name="opa_exempt_by_return_to_prior" type="Boolean" />
    <attribute name="opa_cq_ro_temp_job_end_date" type="Date" />
    <attribute name="opa_cq_ro_experience" type="Text" />
    <attribute name="opa_cq_ro_skills" type="Text" />
    <attribute name="opa_cq_ro_prior_emp_distance" type="Number" />
    <attribute name="opa_cq_ro_days_per_week" type="Text" />
    <attribute name="opa_cq_ro_prior_emp_shift" type="Text" />
    <attribute name="opa_cq_ro_hrs_per_week" type="Number" />
    <attribute name="opa_cq_ro_pe_rate_of_pay" type="Currency" />
    <attribute name="opa_cq_ro_tools_equip_licenses" type="Text" />
    <attribute name="opa_cq_ro_fam_shifts" type="Boolean" />
    <attribute name="opa_cq_ro_reason_for_refusal" type="Text" />
    <attribute name="opa_cq_ro_period_unemployed" type="Text" />
    <attribute name="opa_cq_ro_other_local_jobs" type="Text" />
    <attribute name="opa_cq_ro_limitations" type="Text" />
    <attribute name="opa_cq_st_facility_name" type="Text" />
    <attribute name="opa_cq_st_addr_l1" type="Text" />
    <attribute name="opa_cq_st_addr_l2" type="Text" />
    <attribute name="opa_cq_st_addr_city" type="Text" />
    <attribute name="opa_cq_st_zipcode" type="Text" />
    <attribute name="opa_cq_st_state" type="Text" />
    <attribute name="opa_cq_st_cc_facility" type="Text" />
    <attribute name="opa_cq_st_enrollment_date" type="Date" />
    <attribute name="opa_cq_st_completion_date" type="Date" />
    <attribute name="opa_cq_st_cc_dates" type="Text" />
    <attribute name="opa_cq_st_prior_emp_training" type="Boolean" />
    <attribute name="opa_cq_st_emp_train_start" type="Date" />
    <attribute name="opa_cq_st_emp_train_end" type="Date" />
    <attribute name="opa_cq_st_cc_emp_start_end" type="Text" />
    <attribute name="opa_cq_st_affect" type="Text" />
    <attribute name="opa_cq_st_additional_info" type="Text" />
    <attribute name="rb_delimiter" type="Text" />
    <attribute name="opa_cq_cc_title_duties" type="Text" />
    <attribute name="opa_cq_cc_emp_person" type="Text" />
    <attribute name="opa_cq_cc_hours_days" type="Text" />
    <attribute name="opa_cq_cc_temp_start_end_dates" type="Text" />
    <attribute name="opa_cq_job_permanent" type="Boolean" />
    <attribute name="opa_cq_cc_payrate" type="Text" />
    <attribute name="opa_cq_cc_childcare_exp" type="Text" />
    <attribute name="opa_cq_ro_offered_location" type="Text" />
    <attribute name="rb_er_flow_displayed" type="Boolean" />
    <attribute name="opa_kentucky_liable_claim" type="Boolean" />
    <attribute name="opa_job_offered" type="Boolean" />
    <attribute name="opa_referral_offered" type="Boolean" />
    <attribute name="rb_goal_save_displayed" type="Boolean" />
    <attribute name="rb_goal_review_displayed" type="Boolean" />
    <attribute name="opa_valid_review_period" type="Boolean" />
    <attribute name="opa_naics_work_type_detail" type="Text" />
    <attribute name="opa_naics_code" type="Text" />
    <attribute name="rb_class_code" type="Text" />
    <attribute name="rb_detail_code" type="Text" />
    <attribute name="opa_non_naics_detail" type="Text" />
    <attribute name="opa_finish_and_save_goal" type="Boolean" />
    <attribute name="rb_fs_confirmed" type="Boolean" />
    <attribute name="opa_subject_to_work_search" type="Boolean" silent="true" />
    <attribute name="rb_local_office_code" type="Text" />
    <attribute name="rb_local_office_hours" type="Text" />
    <attribute name="rb_local_office_branch" type="Text" />
    <attribute name="rb_local_office_phone_number" type="Text" />
    <attribute name="rb_local_office_city" type="Text" />
    <attribute name="rb_local_office_state" type="Text" />
    <attribute name="rb_local_office_zip" type="Text" />
    <attribute name="rb_local_office_address" type="Text" />
    <attribute name="rb_label12" type="Boolean" />
    <attribute name="rb_ins_01" type="Boolean" />
    <attribute name="i_siebel_home_url" type="Text" />
    <attribute name="rb_ccq_investigated" type="Boolean" />
    <attribute name="rb_label_18" type="Boolean" />
    <attribute name="rb_label_13" type="Boolean" />
    <attribute name="rb_label_15" type="Boolean" />
    <attribute name="rb_label_16" type="Boolean" />
    <attribute name="rb_label_17" type="Boolean" />
    <attribute name="rb_naics_details" type="Boolean" />
    <attribute name="rb_finish_and_save_flow" type="Boolean" />
    <attribute name="io_claim_id" type="Text" />
    <attribute name="opa_raise_issue_01" type="Boolean" />
    <attribute name="opa_raise_issue_02" type="Boolean" />
    <attribute name="opa_raise_issue_03" type="Boolean" />
    <attribute name="opa_raise_issue_04" type="Boolean" />
    <attribute name="opa_raise_issue_05" type="Boolean" />
    <attribute name="rb_label_19" type="Boolean" />
    <attribute name="opa_ck_av_effort_made" type="Text" />
    <attribute name="opa_cq_ab_temp_layoff" type="Boolean" />
    <attribute name="opa_cq_ab_additional_info" type="Text" />
    <attribute name="opa_cq_st_thu_hrs" type="Number" />
    <attribute name="opa_cq_st_tue_hrs" type="Number" />
    <attribute name="opa_cq_st_wed_hrs" type="Number" />
    <attribute name="opa_cq_st_friday_hrs" type="Number" />
    <attribute name="opa_cq_st_mon_hrs" type="Number" />
    <attribute name="opa_cq_st_sat_hrs" type="Number" />
    <attribute name="opa_cq_st_sun_hrs" type="Number" />
    <attribute name="opa_cq_ro_pay_freq" type="Text" />
    <attribute name="opa_cq_ro_payperiod_undef" type="Boolean" />
    <attribute name="i_eri_last_intvw_date" type="Date" />
    <attribute name="opa_prior_interview_in_period" type="Boolean" />
    <attribute name="opa_label_21" type="Boolean" />
    <attribute name="opa_rtw_date_err" type="Boolean" />
    <attribute name="opa_rtw_file_date_err" type="Boolean" />
    <attribute name="opa_cq_ro_try_change_circ" type="Boolean" />
    <attribute name="i_ar_flag" type="Text" />
    <attribute name="rb_initial_claim" type="Boolean" />
    <attribute name="opa_first_intrastate_review" type="Boolean" />
    <attribute name="opa_time_at_interview_start" type="TimeOfDay" />
    <attribute name="rb_save_confirmed" type="Boolean" />
    <attribute name="opa_interstate_claim" type="Boolean" />
    <attribute name="opa_return_employer_gt_12" type="Boolean" />
    <attribute name="opa_interview_complete" type="Boolean" />
    <attribute name="rb_additional_claim" type="Boolean" />
    <attribute name="rb_reactivation_claim" type="Boolean" />
    <attribute name="opa_type_01_current_claim" type="Boolean" />
    <attribute name="opa_type_02_current_claim" type="Boolean" />
    <attribute name="rb_dpw_undef" type="Boolean" />
    <attribute name="opa_type_03_current_claim" type="Boolean" />
    <attribute name="rb_override_def" type="Boolean" />
    <attribute name="rb_registration_state_undef" type="Boolean" />
    <attribute name="rb_number_contacts_def" type="Boolean" />
    <attribute name="rb_label_03" type="Boolean" />
    <attribute name="rb_jome_url_undef" type="Boolean" />
    <attribute name="opa_asserted_class_a_claim" type="Boolean" />
    <attribute name="opa_last_interview_undef" type="Boolean" />
    <attribute name="rb_interstate_reg_undef" type="Boolean" />
    <attribute name="rb_completed_6" type="Boolean" />
    <attribute name="opa_interview_unavailable" type="Boolean" />
    <attribute name="rb_completed_8_contacts" type="Boolean" />
    <attribute name="opa_program_code_01" type="Boolean" />
    <attribute name="opa_program_code_03" type="Boolean" />
    <attribute name="opa_program_02" type="Boolean" />
    <attribute name="opa_eligible_benefits" type="Boolean" />
    <attribute name="rb_review_due" type="Boolean" />
    <attribute name="rb_review_within_7_weeks" type="Boolean" />
    <attribute name="rb_label_22" type="Boolean" />
    <attribute name="rb_file_date_gt_321_from_bye" type="Boolean" />
    <attribute name="opa_classB_flow" type="Boolean" />
    <attribute name="b157@Properties_Properties_xsrc" type="Boolean" />
    <attribute name="i_class_code" type="Text" />
    <attribute name="i_class_code_change" type="Text" />
    <attribute name="b_ERI_unavailable" type="Boolean" />
    <attribute name="b_intrastate_eri" type="Boolean" />
    <attribute name="b_interstate_eri" type="Boolean" />
    <attribute name="rb_save_confirm" type="Boolean" />
    <attribute name="b167@Properties_Properties_xsrc" type="Boolean" />
    <attribute name="opa_blind_info_request_1" type="Boolean" />
    <attribute name="opa_class_r" type="Boolean" />
    <attribute name="opa_cq_ro_pe_rate_freq_pay" type="Text" />
    <attribute name="opa_entry_date" type="Date" />
    <attribute name="opa_valid_claim" type="Boolean" />
    <attribute name="opa_issue_found" type="Boolean" />
    <attribute name="rb_flow_begin" type="Boolean" />
  </entity>
  <entity text="the contact" name="the_contact" singleton="false" identifying-attribute-name="contact_employer_name">
    <attribute name="contact_employer_name" type="Text" />
    <attribute name="contact_date" type="Date" />
    <attribute name="contact_method" type="Text" />
    <attribute name="contact_phone" type="Text" />
    <attribute name="contact_person_info" type="Text" />
    <attribute name="contact_applied_for" type="Text" />
    <attribute name="contact_address_line1" type="Text" />
    <attribute name="contact_address_line2" type="Text" />
    <attribute name="contact_address_city" type="Text" />
    <attribute name="contact_address_zipcode" type="Text" />
    <attribute name="contact_state" type="Text" />
    <attribute name="rb_contact_within_arp" type="Boolean" />
    <attribute name="contact_url" type="Text" />
    <attribute name="contact_email" type="Text" />
    <attribute name="opa_contact_result" type="Text" />
  </entity>
  <relationship relationship-id="contacts" relationship-text="the contact's" reverse-relationship-id="contacted" reverse-relationship-text="contacted" source="global" target="the_contact" type="OneToMany" is-containment="true" />
  <rules module="KY_FC:989F8F805141A1764AFFF0694C7ABF08" />
</rulebase>