<?xml version="1.0" encoding="utf-8"?>
<rulebase product-version="10.4.2.18" region="en-US">
  <entity text="Global" name="global" singleton="true">
    <attribute name="xrd_buttonset_selection" type="Text" />
    <attribute name="xrd_nominal_selection" type="Text" />
    <attribute name="xrd_selected_emp_status" type="Text" />
  </entity>
  <entity text="the employer" name="the_employer" singleton="false" identifying-attribute-name="the_employer">
    <attribute name="the_employer" type="Text" />
  </entity>
  <entity text="the employment" name="the_employment" singleton="false" identifying-attribute-name="lab_emt">
    <attribute name="lab_emt" type="Text" />
  </entity>
  <relationship relationship-id="g2emr" relationship-text="all instances of the employer" reverse-relationship-id="emr2g" reverse-relationship-text="employer to global" source="global" target="the_employer" type="OneToMany" is-containment="true" />
  <relationship relationship-id="allinstancesoftheemploymentfortheemployer" relationship-text="all instances of the employment for the employer" reverse-relationship-id="employer_allinstancesoftheemploymentfortheemployer_rev" source="the_employer" target="the_employment" type="OneToMany" is-containment="true" />
  <rules module="ui_lab:85415D7BD75B76DCD72E0F79DC88F4D2" />
</rulebase>