<?xml version="1.0" encoding="utf-8"?>
<rulebase product-version="10.4.1.60" region="en-US">
  <entity text="Global" name="global" singleton="true">
    <attribute name="b1@Rules_NoD_doc" type="Boolean" />
    <attribute name="b3@Rules_NoD_doc" type="Boolean" />
    <attribute name="b4@Rules_NoD_doc" type="Boolean" />
    <attribute name="b6@Rules_NoD_doc" type="Boolean" />
    <attribute name="o_finding_aa" type="Boolean" />
  </entity>
  <entity text="the document" name="newdocument" singleton="false" identifying-attribute-name="p1@Properties_Properties_xsrc">
    <attribute name="p1@Properties_Properties_xsrc" type="Text" />
  </entity>
  <relationship relationship-id="allinstancesofthedocument" relationship-text="all instances of the document" reverse-relationship-id="global_allinstancesofthedocument_rev" source="global" target="newdocument" type="OneToMany" is-containment="true" />
  <relationship relationship-id="global2document" relationship-text="global2nod" reverse-relationship-id="document2global" reverse-relationship-text="nod2global" source="global" target="newdocument" type="OneToMany" is-containment="false" />
  <rules module="KY_Doc_Gen:B3D93FF7C7EDE09BE01BF3E1444B9A25">
    <table-conclude-instance relationship-id="global2document" source="global" source-scope-id="global0">
      <row>
        <identity>
          <marker id="Rules_NoD_doc/0/1" condition="false">
            <string-value />
          </marker>
        </identity>
        <condition>
          <and>
            <marker id="Rules_NoD_doc/0/2">
              <attribute attr-id="b1@Rules_NoD_doc" />
            </marker>
            <marker id="Rules_NoD_doc/0/3">
              <attribute attr-id="b6@Rules_NoD_doc" />
            </marker>
          </and>
        </condition>
      </row>
      <row>
        <identity>
          <marker id="Rules_NoD_doc/0/4" condition="false">
            <string-value>APPEALS_Nod_AA_V2.03</string-value>
          </marker>
        </identity>
        <condition>
          <and>
            <marker id="Rules_NoD_doc/0/5">
              <attribute attr-id="b3@Rules_NoD_doc" />
            </marker>
            <marker id="Rules_NoD_doc/0/6">
              <attribute attr-id="b6@Rules_NoD_doc" />
            </marker>
          </and>
        </condition>
      </row>
    </table-conclude-instance>
    <conclude attr-id="b6@Rules_NoD_doc" entity-id="global" scope-id="global0">
      <value>
        <marker id="Rules_NoD_doc/1/1" condition="false">
          <true-value />
        </marker>
      </value>
      <condition>
        <marker id="Rules_NoD_doc/1/2">
          <attribute attr-id="b4@Rules_NoD_doc" />
        </marker>
      </condition>
      <otherwise>
        <marker id="Rules_NoD_doc/1/3" condition="false">
          <false-value />
        </marker>
      </otherwise>
    </conclude>
  </rules>
</rulebase>